
select * from abpauditlogs  order by id desc;

delete from operators;

insert into operators(name,creationtime,CreatorUserId) values('中国电信','2019-10-31 12:12', (select Id from abpusers limit 0,1));
insert into operators(name,creationtime,CreatorUserId) values('中国移动','2019-10-31 12:12', (select Id from abpusers limit 0,1));
insert into operators(name,creationtime,CreatorUserId) values('中国联通','2019-10-31 12:12', (select Id from abpusers limit 0,1));

insert into facevalues(name,actualvalue,creationtime,CreatorUserId) values('10',10,'2019-10-31 12:12', (select Id from abpusers limit 0,1));
insert into facevalues(name,actualvalue,creationtime,CreatorUserId) values('20',20,'2019-10-31 12:12', (select Id from abpusers limit 0,1));
insert into facevalues(name,actualvalue,creationtime,CreatorUserId) values('30',30,'2019-10-31 12:12', (select Id from abpusers limit 0,1));
insert into facevalues(name,actualvalue,creationtime,CreatorUserId) values('50',50,'2019-10-31 12:12', (select Id from abpusers limit 0,1));
insert into facevalues(name,actualvalue,creationtime,CreatorUserId) values('100',100,'2019-10-31 12:12', (select Id from abpusers limit 0,1));
insert into facevalues(name,actualvalue,creationtime,CreatorUserId) values('200',200,'2019-10-31 12:12', (select Id from abpusers limit 0,1));

delete from EthnicGroups;
delete from areas;
delete from cities;
delete from provinces;
insert into provinces(`provinceid`,`Name`) values('110000','北京市');  
insert into provinces(`provinceid`,`Name`) values('120000','天津市');  
insert into provinces(`provinceid`,`Name`) values('130000','河北省');  
insert into provinces(`provinceid`,`Name`) values('140000','山西省');  
insert into provinces(`provinceid`,`Name`) values('150000','内蒙古自治区');  
insert into provinces(`provinceid`,`Name`) values('210000','辽宁省');  
insert into provinces(`provinceid`,`Name`) values('220000','吉林省');  
insert into provinces(`provinceid`,`Name`) values('230000','黑龙江省');  
insert into provinces(`provinceid`,`Name`) values('310000','上海市');  
insert into provinces(`provinceid`,`Name`) values('320000','江苏省');  
insert into provinces(`provinceid`,`Name`) values('330000','浙江省');  
insert into provinces(`provinceid`,`Name`) values('340000','安徽省');  
insert into provinces(`provinceid`,`Name`) values('350000','福建省');  
insert into provinces(`provinceid`,`Name`) values('360000','江西省');  
insert into provinces(`provinceid`,`Name`) values('370000','山东省');  
insert into provinces(`provinceid`,`Name`) values('410000','河南省');  
insert into provinces(`provinceid`,`Name`) values('420000','湖北省');  
insert into provinces(`provinceid`,`Name`) values('430000','湖南省');  
insert into provinces(`provinceid`,`Name`) values('440000','广东省');  
insert into provinces(`provinceid`,`Name`) values('450000','广西壮族自治区');  
insert into provinces(`provinceid`,`Name`) values('460000','海南省');  
insert into provinces(`provinceid`,`Name`) values('500000','重庆市');  
insert into provinces(`provinceid`,`Name`) values('510000','四川省');  
insert into provinces(`provinceid`,`Name`) values('520000','贵州省');  
insert into provinces(`provinceid`,`Name`) values('530000','云南省');  
insert into provinces(`provinceid`,`Name`) values('540000','西藏自治区');  
insert into provinces(`provinceid`,`Name`) values('610000','陕西省');  
insert into provinces(`provinceid`,`Name`) values('620000','甘肃省');  
insert into provinces(`provinceid`,`Name`) values('630000','青海省');  
insert into provinces(`provinceid`,`Name`) values('640000','宁夏回族自治区');  
insert into provinces(`provinceid`,`Name`) values('650000','新疆维吾尔自治区');  
insert into provinces(`provinceid`,`Name`) values('710000','台湾省');  
insert into provinces(`provinceid`,`Name`) values('810000','香港特别行政区');  
insert into provinces(`provinceid`,`Name`) values('820000','澳门特别行政区'); 


insert into cities(`cityid`,`Name`,`provinceid`) values('110100','市辖区','110000');  
insert into cities(`cityid`,`Name`,`provinceid`) values('110200','县','110000');  
insert into cities(`cityid`,`Name`,`provinceid`) values('120100','市辖区','120000');  
insert into cities(`cityid`,`Name`,`provinceid`) values('120200','县','120000');  
insert into cities(`cityid`,`Name`,`provinceid`) values('130100','石家庄市','130000');  
insert into cities(`cityid`,`Name`,`provinceid`) values('130200','唐山市','130000');  
insert into cities(`cityid`,`Name`,`provinceid`) values('130300','秦皇岛市','130000');  
insert into cities(`cityid`,`Name`,`provinceid`) values('130400','邯郸市','130000');  
insert into cities(`cityid`,`Name`,`provinceid`) values('130500','邢台市','130000');  
insert into cities(`cityid`,`Name`,`provinceid`) values('130600','保定市','130000');  
insert into cities(`cityid`,`Name`,`provinceid`) values('130700','张家口市','130000');  
insert into cities(`cityid`,`Name`,`provinceid`) values('130800','承德市','130000');  
insert into cities(`cityid`,`Name`,`provinceid`) values('130900','沧州市','130000');  
insert into cities(`cityid`,`Name`,`provinceid`) values('131000','廊坊市','130000');  
insert into cities(`cityid`,`Name`,`provinceid`) values('131100','衡水市','130000');  
insert into cities(`cityid`,`Name`,`provinceid`) values('140100','太原市','140000');  
insert into cities(`cityid`,`Name`,`provinceid`) values('140200','大同市','140000');  
insert into cities(`cityid`,`Name`,`provinceid`) values('140300','阳泉市','140000');  
insert into cities(`cityid`,`Name`,`provinceid`) values('140400','长治市','140000');  
insert into cities(`cityid`,`Name`,`provinceid`) values('140500','晋城市','140000');  
insert into cities(`cityid`,`Name`,`provinceid`) values('140600','朔州市','140000');  
insert into cities(`cityid`,`Name`,`provinceid`) values('140700','晋中市','140000');  
insert into cities(`cityid`,`Name`,`provinceid`) values('140800','运城市','140000');  
insert into cities(`cityid`,`Name`,`provinceid`) values('140900','忻州市','140000');  
insert into cities(`cityid`,`Name`,`provinceid`) values('141000','临汾市','140000');  
insert into cities(`cityid`,`Name`,`provinceid`) values('141100','吕梁市','140000');  
insert into cities(`cityid`,`Name`,`provinceid`) values('150100','呼和浩特市','150000');  
insert into cities(`cityid`,`Name`,`provinceid`) values('150200','包头市','150000');  
insert into cities(`cityid`,`Name`,`provinceid`) values('150300','乌海市','150000');  
insert into cities(`cityid`,`Name`,`provinceid`) values('150400','赤峰市','150000');  
insert into cities(`cityid`,`Name`,`provinceid`) values('150500','通辽市','150000');  
insert into cities(`cityid`,`Name`,`provinceid`) values('150600','鄂尔多斯市','150000');  
insert into cities(`cityid`,`Name`,`provinceid`) values('150700','呼伦贝尔市','150000');  
insert into cities(`cityid`,`Name`,`provinceid`) values('150800','巴彦淖尔市','150000');  
insert into cities(`cityid`,`Name`,`provinceid`) values('150900','乌兰察布市','150000');  
insert into cities(`cityid`,`Name`,`provinceid`) values('152200','兴安盟','150000');  
insert into cities(`cityid`,`Name`,`provinceid`) values('152500','锡林郭勒盟','150000');  
insert into cities(`cityid`,`Name`,`provinceid`) values('152900','阿拉善盟','150000');  
insert into cities(`cityid`,`Name`,`provinceid`) values('210100','沈阳市','210000');  
insert into cities(`cityid`,`Name`,`provinceid`) values('210200','大连市','210000');  
insert into cities(`cityid`,`Name`,`provinceid`) values('210300','鞍山市','210000');  
insert into cities(`cityid`,`Name`,`provinceid`) values('210400','抚顺市','210000');  
insert into cities(`cityid`,`Name`,`provinceid`) values('210500','本溪市','210000');  
insert into cities(`cityid`,`Name`,`provinceid`) values('210600','丹东市','210000');  
insert into cities(`cityid`,`Name`,`provinceid`) values('210700','锦州市','210000');  
insert into cities(`cityid`,`Name`,`provinceid`) values('210800','营口市','210000');  
insert into cities(`cityid`,`Name`,`provinceid`) values('210900','阜新市','210000');  
insert into cities(`cityid`,`Name`,`provinceid`) values('211000','辽阳市','210000');  
insert into cities(`cityid`,`Name`,`provinceid`) values('211100','盘锦市','210000');  
insert into cities(`cityid`,`Name`,`provinceid`) values('211200','铁岭市','210000');  
insert into cities(`cityid`,`Name`,`provinceid`) values('211300','朝阳市','210000');  
insert into cities(`cityid`,`Name`,`provinceid`) values('211400','葫芦岛市','210000');  
insert into cities(`cityid`,`Name`,`provinceid`) values('220100','长春市','220000');  
insert into cities(`cityid`,`Name`,`provinceid`) values('220200','吉林市','220000');  
insert into cities(`cityid`,`Name`,`provinceid`) values('220300','四平市','220000');  
insert into cities(`cityid`,`Name`,`provinceid`) values('220400','辽源市','220000');  
insert into cities(`cityid`,`Name`,`provinceid`) values('220500','通化市','220000');  
insert into cities(`cityid`,`Name`,`provinceid`) values('220600','白山市','220000');  
insert into cities(`cityid`,`Name`,`provinceid`) values('220700','松原市','220000');  
insert into cities(`cityid`,`Name`,`provinceid`) values('220800','白城市','220000');  
insert into cities(`cityid`,`Name`,`provinceid`) values('222400','延边朝鲜族自治州','220000');  
insert into cities(`cityid`,`Name`,`provinceid`) values('230100','哈尔滨市','230000');  
insert into cities(`cityid`,`Name`,`provinceid`) values('230200','齐齐哈尔市','230000');  
insert into cities(`cityid`,`Name`,`provinceid`) values('230300','鸡西市','230000');  
insert into cities(`cityid`,`Name`,`provinceid`) values('230400','鹤岗市','230000');  
insert into cities(`cityid`,`Name`,`provinceid`) values('230500','双鸭山市','230000');  
insert into cities(`cityid`,`Name`,`provinceid`) values('230600','大庆市','230000');  
insert into cities(`cityid`,`Name`,`provinceid`) values('230700','伊春市','230000');  
insert into cities(`cityid`,`Name`,`provinceid`) values('230800','佳木斯市','230000');  
insert into cities(`cityid`,`Name`,`provinceid`) values('230900','七台河市','230000');  
insert into cities(`cityid`,`Name`,`provinceid`) values('231000','牡丹江市','230000');  
insert into cities(`cityid`,`Name`,`provinceid`) values('231100','黑河市','230000');  
insert into cities(`cityid`,`Name`,`provinceid`) values('231200','绥化市','230000');  
insert into cities(`cityid`,`Name`,`provinceid`) values('232700','大兴安岭地区','230000');  
insert into cities(`cityid`,`Name`,`provinceid`) values('310100','市辖区','310000');  
insert into cities(`cityid`,`Name`,`provinceid`) values('310200','县','310000');  
insert into cities(`cityid`,`Name`,`provinceid`) values('320100','南京市','320000');  
insert into cities(`cityid`,`Name`,`provinceid`) values('320200','无锡市','320000');  
insert into cities(`cityid`,`Name`,`provinceid`) values('320300','徐州市','320000');  
insert into cities(`cityid`,`Name`,`provinceid`) values('320400','常州市','320000');  
insert into cities(`cityid`,`Name`,`provinceid`) values('320500','苏州市','320000');  
insert into cities(`cityid`,`Name`,`provinceid`) values('320600','南通市','320000');  
insert into cities(`cityid`,`Name`,`provinceid`) values('320700','连云港市','320000');  
insert into cities(`cityid`,`Name`,`provinceid`) values('320800','淮安市','320000');  
insert into cities(`cityid`,`Name`,`provinceid`) values('320900','盐城市','320000');  
insert into cities(`cityid`,`Name`,`provinceid`) values('321000','扬州市','320000');  
insert into cities(`cityid`,`Name`,`provinceid`) values('321100','镇江市','320000');  
insert into cities(`cityid`,`Name`,`provinceid`) values('321200','泰州市','320000');  
insert into cities(`cityid`,`Name`,`provinceid`) values('321300','宿迁市','320000');  
insert into cities(`cityid`,`Name`,`provinceid`) values('330100','杭州市','330000');  
insert into cities(`cityid`,`Name`,`provinceid`) values('330200','宁波市','330000');  
insert into cities(`cityid`,`Name`,`provinceid`) values('330300','温州市','330000');  
insert into cities(`cityid`,`Name`,`provinceid`) values('330400','嘉兴市','330000');  
insert into cities(`cityid`,`Name`,`provinceid`) values('330500','湖州市','330000');  
insert into cities(`cityid`,`Name`,`provinceid`) values('330600','绍兴市','330000');  
insert into cities(`cityid`,`Name`,`provinceid`) values('330700','金华市','330000');  
insert into cities(`cityid`,`Name`,`provinceid`) values('330800','衢州市','330000');  
insert into cities(`cityid`,`Name`,`provinceid`) values('330900','舟山市','330000');  
insert into cities(`cityid`,`Name`,`provinceid`) values('331000','台州市','330000');  
insert into cities(`cityid`,`Name`,`provinceid`) values('331100','丽水市','330000');  
insert into cities(`cityid`,`Name`,`provinceid`) values('340100','合肥市','340000');  
insert into cities(`cityid`,`Name`,`provinceid`) values('340200','芜湖市','340000');  
insert into cities(`cityid`,`Name`,`provinceid`) values('340300','蚌埠市','340000');  
insert into cities(`cityid`,`Name`,`provinceid`) values('340400','淮南市','340000');  
insert into cities(`cityid`,`Name`,`provinceid`) values('340500','马鞍山市','340000');  
insert into cities(`cityid`,`Name`,`provinceid`) values('340600','淮北市','340000');  
insert into cities(`cityid`,`Name`,`provinceid`) values('340700','铜陵市','340000');  
insert into cities(`cityid`,`Name`,`provinceid`) values('340800','安庆市','340000');  
insert into cities(`cityid`,`Name`,`provinceid`) values('341000','黄山市','340000');  
insert into cities(`cityid`,`Name`,`provinceid`) values('341100','滁州市','340000');  
insert into cities(`cityid`,`Name`,`provinceid`) values('341200','阜阳市','340000');  
insert into cities(`cityid`,`Name`,`provinceid`) values('341300','宿州市','340000');  
insert into cities(`cityid`,`Name`,`provinceid`) values('341400','巢湖市','340000');  
insert into cities(`cityid`,`Name`,`provinceid`) values('341500','六安市','340000');  
insert into cities(`cityid`,`Name`,`provinceid`) values('341600','亳州市','340000');  
insert into cities(`cityid`,`Name`,`provinceid`) values('341700','池州市','340000');  
insert into cities(`cityid`,`Name`,`provinceid`) values('341800','宣城市','340000');  
insert into cities(`cityid`,`Name`,`provinceid`) values('350100','福州市','350000');  
insert into cities(`cityid`,`Name`,`provinceid`) values('350200','厦门市','350000');  
insert into cities(`cityid`,`Name`,`provinceid`) values('350300','莆田市','350000');  
insert into cities(`cityid`,`Name`,`provinceid`) values('350400','三明市','350000');  
insert into cities(`cityid`,`Name`,`provinceid`) values('350500','泉州市','350000');  
insert into cities(`cityid`,`Name`,`provinceid`) values('350600','漳州市','350000');  
insert into cities(`cityid`,`Name`,`provinceid`) values('350700','南平市','350000');  
insert into cities(`cityid`,`Name`,`provinceid`) values('350800','龙岩市','350000');  
insert into cities(`cityid`,`Name`,`provinceid`) values('350900','宁德市','350000');  
insert into cities(`cityid`,`Name`,`provinceid`) values('360100','南昌市','360000');  
insert into cities(`cityid`,`Name`,`provinceid`) values('360200','景德镇市','360000');  
insert into cities(`cityid`,`Name`,`provinceid`) values('360300','萍乡市','360000');  
insert into cities(`cityid`,`Name`,`provinceid`) values('360400','九江市','360000');  
insert into cities(`cityid`,`Name`,`provinceid`) values('360500','新余市','360000');  
insert into cities(`cityid`,`Name`,`provinceid`) values('360600','鹰潭市','360000');  
insert into cities(`cityid`,`Name`,`provinceid`) values('360700','赣州市','360000');  
insert into cities(`cityid`,`Name`,`provinceid`) values('360800','吉安市','360000');  
insert into cities(`cityid`,`Name`,`provinceid`) values('360900','宜春市','360000');  
insert into cities(`cityid`,`Name`,`provinceid`) values('361000','抚州市','360000');  
insert into cities(`cityid`,`Name`,`provinceid`) values('361100','上饶市','360000');  
insert into cities(`cityid`,`Name`,`provinceid`) values('370100','济南市','370000');  
insert into cities(`cityid`,`Name`,`provinceid`) values('370200','青岛市','370000');  
insert into cities(`cityid`,`Name`,`provinceid`) values('370300','淄博市','370000');  
insert into cities(`cityid`,`Name`,`provinceid`) values('370400','枣庄市','370000');  
insert into cities(`cityid`,`Name`,`provinceid`) values('370500','东营市','370000');  
insert into cities(`cityid`,`Name`,`provinceid`) values('370600','烟台市','370000');  
insert into cities(`cityid`,`Name`,`provinceid`) values('370700','潍坊市','370000');  
insert into cities(`cityid`,`Name`,`provinceid`) values('370800','济宁市','370000');  
insert into cities(`cityid`,`Name`,`provinceid`) values('370900','泰安市','370000');  
insert into cities(`cityid`,`Name`,`provinceid`) values('371000','威海市','370000');  
insert into cities(`cityid`,`Name`,`provinceid`) values('371100','日照市','370000');  
insert into cities(`cityid`,`Name`,`provinceid`) values('371200','莱芜市','370000');  
insert into cities(`cityid`,`Name`,`provinceid`) values('371300','临沂市','370000');  
insert into cities(`cityid`,`Name`,`provinceid`) values('371400','德州市','370000');  
insert into cities(`cityid`,`Name`,`provinceid`) values('371500','聊城市','370000');  
insert into cities(`cityid`,`Name`,`provinceid`) values('371600','滨州市','370000');  
insert into cities(`cityid`,`Name`,`provinceid`) values('371700','荷泽市','370000');  
insert into cities(`cityid`,`Name`,`provinceid`) values('410100','郑州市','410000');  
insert into cities(`cityid`,`Name`,`provinceid`) values('410200','开封市','410000');  
insert into cities(`cityid`,`Name`,`provinceid`) values('410300','洛阳市','410000');  
insert into cities(`cityid`,`Name`,`provinceid`) values('410400','平顶山市','410000');  
insert into cities(`cityid`,`Name`,`provinceid`) values('410500','安阳市','410000');  
insert into cities(`cityid`,`Name`,`provinceid`) values('410600','鹤壁市','410000');  
insert into cities(`cityid`,`Name`,`provinceid`) values('410700','新乡市','410000');  
insert into cities(`cityid`,`Name`,`provinceid`) values('410800','焦作市','410000');  
insert into cities(`cityid`,`Name`,`provinceid`) values('410900','濮阳市','410000');  
insert into cities(`cityid`,`Name`,`provinceid`) values('411000','许昌市','410000');  
insert into cities(`cityid`,`Name`,`provinceid`) values('411100','漯河市','410000');  
insert into cities(`cityid`,`Name`,`provinceid`) values('411200','三门峡市','410000');  
insert into cities(`cityid`,`Name`,`provinceid`) values('411300','南阳市','410000');  
insert into cities(`cityid`,`Name`,`provinceid`) values('411400','商丘市','410000');  
insert into cities(`cityid`,`Name`,`provinceid`) values('411500','信阳市','410000');  
insert into cities(`cityid`,`Name`,`provinceid`) values('411600','周口市','410000');  
insert into cities(`cityid`,`Name`,`provinceid`) values('411700','驻马店市','410000');  
insert into cities(`cityid`,`Name`,`provinceid`) values('420100','武汉市','420000');  
insert into cities(`cityid`,`Name`,`provinceid`) values('420200','黄石市','420000');  
insert into cities(`cityid`,`Name`,`provinceid`) values('420300','十堰市','420000');  
insert into cities(`cityid`,`Name`,`provinceid`) values('420500','宜昌市','420000');  
insert into cities(`cityid`,`Name`,`provinceid`) values('420600','襄樊市','420000');  
insert into cities(`cityid`,`Name`,`provinceid`) values('420700','鄂州市','420000');  
insert into cities(`cityid`,`Name`,`provinceid`) values('420800','荆门市','420000');  
insert into cities(`cityid`,`Name`,`provinceid`) values('420900','孝感市','420000');  
insert into cities(`cityid`,`Name`,`provinceid`) values('421000','荆州市','420000');  
insert into cities(`cityid`,`Name`,`provinceid`) values('421100','黄冈市','420000');  
insert into cities(`cityid`,`Name`,`provinceid`) values('421200','咸宁市','420000');  
insert into cities(`cityid`,`Name`,`provinceid`) values('421300','随州市','420000');  
insert into cities(`cityid`,`Name`,`provinceid`) values('422800','恩施土家族苗族自治州','420000');  
insert into cities(`cityid`,`Name`,`provinceid`) values('429000','省直辖行政单位','420000');  
insert into cities(`cityid`,`Name`,`provinceid`) values('430100','长沙市','430000');  
insert into cities(`cityid`,`Name`,`provinceid`) values('430200','株洲市','430000');  
insert into cities(`cityid`,`Name`,`provinceid`) values('430300','湘潭市','430000');  
insert into cities(`cityid`,`Name`,`provinceid`) values('430400','衡阳市','430000');  
insert into cities(`cityid`,`Name`,`provinceid`) values('430500','邵阳市','430000');  
insert into cities(`cityid`,`Name`,`provinceid`) values('430600','岳阳市','430000');  
insert into cities(`cityid`,`Name`,`provinceid`) values('430700','常德市','430000');  
insert into cities(`cityid`,`Name`,`provinceid`) values('430800','张家界市','430000');  
insert into cities(`cityid`,`Name`,`provinceid`) values('430900','益阳市','430000');  
insert into cities(`cityid`,`Name`,`provinceid`) values('431000','郴州市','430000');  
insert into cities(`cityid`,`Name`,`provinceid`) values('431100','永州市','430000');  
insert into cities(`cityid`,`Name`,`provinceid`) values('431200','怀化市','430000');  
insert into cities(`cityid`,`Name`,`provinceid`) values('431300','娄底市','430000');  
insert into cities(`cityid`,`Name`,`provinceid`) values('433100','湘西土家族苗族自治州','430000');  
insert into cities(`cityid`,`Name`,`provinceid`) values('440100','广州市','440000');  
insert into cities(`cityid`,`Name`,`provinceid`) values('440200','韶关市','440000');  
insert into cities(`cityid`,`Name`,`provinceid`) values('440300','深圳市','440000');  
insert into cities(`cityid`,`Name`,`provinceid`) values('440400','珠海市','440000');  
insert into cities(`cityid`,`Name`,`provinceid`) values('440500','汕头市','440000');  
insert into cities(`cityid`,`Name`,`provinceid`) values('440600','佛山市','440000');  
insert into cities(`cityid`,`Name`,`provinceid`) values('440700','江门市','440000');  
insert into cities(`cityid`,`Name`,`provinceid`) values('440800','湛江市','440000');  
insert into cities(`cityid`,`Name`,`provinceid`) values('440900','茂名市','440000');  
insert into cities(`cityid`,`Name`,`provinceid`) values('441200','肇庆市','440000');  
insert into cities(`cityid`,`Name`,`provinceid`) values('441300','惠州市','440000');  
insert into cities(`cityid`,`Name`,`provinceid`) values('441400','梅州市','440000');  
insert into cities(`cityid`,`Name`,`provinceid`) values('441500','汕尾市','440000');  
insert into cities(`cityid`,`Name`,`provinceid`) values('441600','河源市','440000');  
insert into cities(`cityid`,`Name`,`provinceid`) values('441700','阳江市','440000');  
insert into cities(`cityid`,`Name`,`provinceid`) values('441800','清远市','440000');  
insert into cities(`cityid`,`Name`,`provinceid`) values('441900','东莞市','440000');  
insert into cities(`cityid`,`Name`,`provinceid`) values('442000','中山市','440000');  
insert into cities(`cityid`,`Name`,`provinceid`) values('445100','潮州市','440000');  
insert into cities(`cityid`,`Name`,`provinceid`) values('445200','揭阳市','440000');  
insert into cities(`cityid`,`Name`,`provinceid`) values('445300','云浮市','440000');  
insert into cities(`cityid`,`Name`,`provinceid`) values('450100','南宁市','450000');  
insert into cities(`cityid`,`Name`,`provinceid`) values('450200','柳州市','450000');  
insert into cities(`cityid`,`Name`,`provinceid`) values('450300','桂林市','450000');  
insert into cities(`cityid`,`Name`,`provinceid`) values('450400','梧州市','450000');  
insert into cities(`cityid`,`Name`,`provinceid`) values('450500','北海市','450000');  
insert into cities(`cityid`,`Name`,`provinceid`) values('450600','防城港市','450000');  
insert into cities(`cityid`,`Name`,`provinceid`) values('450700','钦州市','450000');  
insert into cities(`cityid`,`Name`,`provinceid`) values('450800','贵港市','450000');  
insert into cities(`cityid`,`Name`,`provinceid`) values('450900','玉林市','450000');  
insert into cities(`cityid`,`Name`,`provinceid`) values('451000','百色市','450000');  
insert into cities(`cityid`,`Name`,`provinceid`) values('451100','贺州市','450000');  
insert into cities(`cityid`,`Name`,`provinceid`) values('451200','河池市','450000');  
insert into cities(`cityid`,`Name`,`provinceid`) values('451300','来宾市','450000');  
insert into cities(`cityid`,`Name`,`provinceid`) values('451400','崇左市','450000');  
insert into cities(`cityid`,`Name`,`provinceid`) values('460100','海口市','460000');  
insert into cities(`cityid`,`Name`,`provinceid`) values('460200','三亚市','460000');  
insert into cities(`cityid`,`Name`,`provinceid`) values('469000','省直辖县级行政单位','460000');  
insert into cities(`cityid`,`Name`,`provinceid`) values('500100','市辖区','500000');  
insert into cities(`cityid`,`Name`,`provinceid`) values('500200','县','500000');  
insert into cities(`cityid`,`Name`,`provinceid`) values('500300','市','500000');  
insert into cities(`cityid`,`Name`,`provinceid`) values('510100','成都市','510000');  
insert into cities(`cityid`,`Name`,`provinceid`) values('510300','自贡市','510000');  
insert into cities(`cityid`,`Name`,`provinceid`) values('510400','攀枝花市','510000');  
insert into cities(`cityid`,`Name`,`provinceid`) values('510500','泸州市','510000');  
insert into cities(`cityid`,`Name`,`provinceid`) values('510600','德阳市','510000');  
insert into cities(`cityid`,`Name`,`provinceid`) values('510700','绵阳市','510000');  
insert into cities(`cityid`,`Name`,`provinceid`) values('510800','广元市','510000');  
insert into cities(`cityid`,`Name`,`provinceid`) values('510900','遂宁市','510000');  
insert into cities(`cityid`,`Name`,`provinceid`) values('511000','内江市','510000');  
insert into cities(`cityid`,`Name`,`provinceid`) values('511100','乐山市','510000');  
insert into cities(`cityid`,`Name`,`provinceid`) values('511300','南充市','510000');  
insert into cities(`cityid`,`Name`,`provinceid`) values('511400','眉山市','510000');  
insert into cities(`cityid`,`Name`,`provinceid`) values('511500','宜宾市','510000');  
insert into cities(`cityid`,`Name`,`provinceid`) values('511600','广安市','510000');  
insert into cities(`cityid`,`Name`,`provinceid`) values('511700','达州市','510000');  
insert into cities(`cityid`,`Name`,`provinceid`) values('511800','雅安市','510000');  
insert into cities(`cityid`,`Name`,`provinceid`) values('511900','巴中市','510000');  
insert into cities(`cityid`,`Name`,`provinceid`) values('512000','资阳市','510000');  
insert into cities(`cityid`,`Name`,`provinceid`) values('513200','阿坝藏族羌族自治州','510000');  
insert into cities(`cityid`,`Name`,`provinceid`) values('513300','甘孜藏族自治州','510000');  
insert into cities(`cityid`,`Name`,`provinceid`) values('513400','凉山彝族自治州','510000');  
insert into cities(`cityid`,`Name`,`provinceid`) values('520100','贵阳市','520000');  
insert into cities(`cityid`,`Name`,`provinceid`) values('520200','六盘水市','520000');  
insert into cities(`cityid`,`Name`,`provinceid`) values('520300','遵义市','520000');  
insert into cities(`cityid`,`Name`,`provinceid`) values('520400','安顺市','520000');  
insert into cities(`cityid`,`Name`,`provinceid`) values('522200','铜仁地区','520000');  
insert into cities(`cityid`,`Name`,`provinceid`) values('522300','黔西南布依族苗族自治州','520000');  
insert into cities(`cityid`,`Name`,`provinceid`) values('522400','毕节地区','520000');  
insert into cities(`cityid`,`Name`,`provinceid`) values('522600','黔东南苗族侗族自治州','520000');  
insert into cities(`cityid`,`Name`,`provinceid`) values('522700','黔南布依族苗族自治州','520000');  
insert into cities(`cityid`,`Name`,`provinceid`) values('530100','昆明市','530000');  
insert into cities(`cityid`,`Name`,`provinceid`) values('530300','曲靖市','530000');  
insert into cities(`cityid`,`Name`,`provinceid`) values('530400','玉溪市','530000');  
insert into cities(`cityid`,`Name`,`provinceid`) values('530500','保山市','530000');  
insert into cities(`cityid`,`Name`,`provinceid`) values('530600','昭通市','530000');  
insert into cities(`cityid`,`Name`,`provinceid`) values('530700','丽江市','530000');  
insert into cities(`cityid`,`Name`,`provinceid`) values('530800','思茅市','530000');  
insert into cities(`cityid`,`Name`,`provinceid`) values('530900','临沧市','530000');  
insert into cities(`cityid`,`Name`,`provinceid`) values('532300','楚雄彝族自治州','530000');  
insert into cities(`cityid`,`Name`,`provinceid`) values('532500','红河哈尼族彝族自治州','530000');  
insert into cities(`cityid`,`Name`,`provinceid`) values('532600','文山壮族苗族自治州','530000');  
insert into cities(`cityid`,`Name`,`provinceid`) values('532800','西双版纳傣族自治州','530000');  
insert into cities(`cityid`,`Name`,`provinceid`) values('532900','大理白族自治州','530000');  
insert into cities(`cityid`,`Name`,`provinceid`) values('533100','德宏傣族景颇族自治州','530000');  
insert into cities(`cityid`,`Name`,`provinceid`) values('533300','怒江傈僳族自治州','530000');  
insert into cities(`cityid`,`Name`,`provinceid`) values('533400','迪庆藏族自治州','530000');  
insert into cities(`cityid`,`Name`,`provinceid`) values('540100','拉萨市','540000');  
insert into cities(`cityid`,`Name`,`provinceid`) values('542100','昌都地区','540000');  
insert into cities(`cityid`,`Name`,`provinceid`) values('542200','山南地区','540000');  
insert into cities(`cityid`,`Name`,`provinceid`) values('542300','日喀则地区','540000');  
insert into cities(`cityid`,`Name`,`provinceid`) values('542400','那曲地区','540000');  
insert into cities(`cityid`,`Name`,`provinceid`) values('542500','阿里地区','540000');  
insert into cities(`cityid`,`Name`,`provinceid`) values('542600','林芝地区','540000');  
insert into cities(`cityid`,`Name`,`provinceid`) values('610100','西安市','610000');  
insert into cities(`cityid`,`Name`,`provinceid`) values('610200','铜川市','610000');  
insert into cities(`cityid`,`Name`,`provinceid`) values('610300','宝鸡市','610000');  
insert into cities(`cityid`,`Name`,`provinceid`) values('610400','咸阳市','610000');  
insert into cities(`cityid`,`Name`,`provinceid`) values('610500','渭南市','610000');  
insert into cities(`cityid`,`Name`,`provinceid`) values('610600','延安市','610000');  
insert into cities(`cityid`,`Name`,`provinceid`) values('610700','汉中市','610000');  
insert into cities(`cityid`,`Name`,`provinceid`) values('610800','榆林市','610000');  
insert into cities(`cityid`,`Name`,`provinceid`) values('610900','安康市','610000');  
insert into cities(`cityid`,`Name`,`provinceid`) values('611000','商洛市','610000');  
insert into cities(`cityid`,`Name`,`provinceid`) values('620100','兰州市','620000');  
insert into cities(`cityid`,`Name`,`provinceid`) values('620200','嘉峪关市','620000');  
insert into cities(`cityid`,`Name`,`provinceid`) values('620300','金昌市','620000');  
insert into cities(`cityid`,`Name`,`provinceid`) values('620400','白银市','620000');  
insert into cities(`cityid`,`Name`,`provinceid`) values('620500','天水市','620000');  
insert into cities(`cityid`,`Name`,`provinceid`) values('620600','武威市','620000');  
insert into cities(`cityid`,`Name`,`provinceid`) values('620700','张掖市','620000');  
insert into cities(`cityid`,`Name`,`provinceid`) values('620800','平凉市','620000');  
insert into cities(`cityid`,`Name`,`provinceid`) values('620900','酒泉市','620000');  
insert into cities(`cityid`,`Name`,`provinceid`) values('621000','庆阳市','620000');  
insert into cities(`cityid`,`Name`,`provinceid`) values('621100','定西市','620000');  
insert into cities(`cityid`,`Name`,`provinceid`) values('621200','陇南市','620000');  
insert into cities(`cityid`,`Name`,`provinceid`) values('622900','临夏回族自治州','620000');  
insert into cities(`cityid`,`Name`,`provinceid`) values('623000','甘南藏族自治州','620000');  
insert into cities(`cityid`,`Name`,`provinceid`) values('630100','西宁市','630000');  
insert into cities(`cityid`,`Name`,`provinceid`) values('632100','海东地区','630000');  
insert into cities(`cityid`,`Name`,`provinceid`) values('632200','海北藏族自治州','630000');  
insert into cities(`cityid`,`Name`,`provinceid`) values('632300','黄南藏族自治州','630000');  
insert into cities(`cityid`,`Name`,`provinceid`) values('632500','海南藏族自治州','630000');  
insert into cities(`cityid`,`Name`,`provinceid`) values('632600','果洛藏族自治州','630000');  
insert into cities(`cityid`,`Name`,`provinceid`) values('632700','玉树藏族自治州','630000');  
insert into cities(`cityid`,`Name`,`provinceid`) values('632800','海西蒙古族藏族自治州','630000');  
insert into cities(`cityid`,`Name`,`provinceid`) values('640100','银川市','640000');  
insert into cities(`cityid`,`Name`,`provinceid`) values('640200','石嘴山市','640000');  
insert into cities(`cityid`,`Name`,`provinceid`) values('640300','吴忠市','640000');  
insert into cities(`cityid`,`Name`,`provinceid`) values('640400','固原市','640000');  
insert into cities(`cityid`,`Name`,`provinceid`) values('640500','中卫市','640000');  
insert into cities(`cityid`,`Name`,`provinceid`) values('650100','乌鲁木齐市','650000');  
insert into cities(`cityid`,`Name`,`provinceid`) values('650200','克拉玛依市','650000');  
insert into cities(`cityid`,`Name`,`provinceid`) values('652100','吐鲁番地区','650000');  
insert into cities(`cityid`,`Name`,`provinceid`) values('652200','哈密地区','650000');  
insert into cities(`cityid`,`Name`,`provinceid`) values('652300','昌吉回族自治州','650000');  
insert into cities(`cityid`,`Name`,`provinceid`) values('652700','博尔塔拉蒙古自治州','650000');  
insert into cities(`cityid`,`Name`,`provinceid`) values('652800','巴音郭楞蒙古自治州','650000');  
insert into cities(`cityid`,`Name`,`provinceid`) values('652900','阿克苏地区','650000');  
insert into cities(`cityid`,`Name`,`provinceid`) values('653000','克孜勒苏柯尔克孜自治州','650000');  
insert into cities(`cityid`,`Name`,`provinceid`) values('653100','喀什地区','650000');  
insert into cities(`cityid`,`Name`,`provinceid`) values('653200','和田地区','650000');  
insert into cities(`cityid`,`Name`,`provinceid`) values('654000','伊犁哈萨克自治州','650000');  
insert into cities(`cityid`,`Name`,`provinceid`) values('654200','塔城地区','650000');  
insert into cities(`cityid`,`Name`,`provinceid`) values('654300','阿勒泰地区','650000');  
insert into cities(`cityid`,`Name`,`provinceid`) values('659000','省直辖行政单位','650000');  


insert into areas(`areaid`,`Name`,`cityid`) values('110101','东城区','110100');
insert into areas(`areaid`,`Name`,`cityid`) values('110102','西城区','110100');
insert into areas(`areaid`,`Name`,`cityid`) values('110103','崇文区','110100');
insert into areas(`areaid`,`Name`,`cityid`) values('110104','宣武区','110100');
insert into areas(`areaid`,`Name`,`cityid`) values('110105','朝阳区','110100');
insert into areas(`areaid`,`Name`,`cityid`) values('110106','丰台区','110100');
insert into areas(`areaid`,`Name`,`cityid`) values('110107','石景山区','110100');
insert into areas(`areaid`,`Name`,`cityid`) values('110108','海淀区','110100');
insert into areas(`areaid`,`Name`,`cityid`) values('110109','门头沟区','110100');
insert into areas(`areaid`,`Name`,`cityid`) values('110111','房山区','110100');
insert into areas(`areaid`,`Name`,`cityid`) values('110112','通州区','110100');
insert into areas(`areaid`,`Name`,`cityid`) values('110113','顺义区','110100');
insert into areas(`areaid`,`Name`,`cityid`) values('110114','昌平区','110100');
insert into areas(`areaid`,`Name`,`cityid`) values('110115','大兴区','110100');
insert into areas(`areaid`,`Name`,`cityid`) values('110116','怀柔区','110100');
insert into areas(`areaid`,`Name`,`cityid`) values('110117','平谷区','110100');
insert into areas(`areaid`,`Name`,`cityid`) values('110228','密云县','110200');
insert into areas(`areaid`,`Name`,`cityid`) values('110229','延庆县','110200');
insert into areas(`areaid`,`Name`,`cityid`) values('120101','和平区','120100');
insert into areas(`areaid`,`Name`,`cityid`) values('120102','河东区','120100');
insert into areas(`areaid`,`Name`,`cityid`) values('120103','河西区','120100');
insert into areas(`areaid`,`Name`,`cityid`) values('120104','南开区','120100');
insert into areas(`areaid`,`Name`,`cityid`) values('120105','河北区','120100');
insert into areas(`areaid`,`Name`,`cityid`) values('120106','红桥区','120100');
insert into areas(`areaid`,`Name`,`cityid`) values('120107','塘沽区','120100');
insert into areas(`areaid`,`Name`,`cityid`) values('120108','汉沽区','120100');
insert into areas(`areaid`,`Name`,`cityid`) values('120109','大港区','120100');
insert into areas(`areaid`,`Name`,`cityid`) values('120110','东丽区','120100');
insert into areas(`areaid`,`Name`,`cityid`) values('120111','西青区','120100');
insert into areas(`areaid`,`Name`,`cityid`) values('120112','津南区','120100');
insert into areas(`areaid`,`Name`,`cityid`) values('120113','北辰区','120100');
insert into areas(`areaid`,`Name`,`cityid`) values('120114','武清区','120100');
insert into areas(`areaid`,`Name`,`cityid`) values('120115','宝坻区','120100');
insert into areas(`areaid`,`Name`,`cityid`) values('120221','宁河县','120200');
insert into areas(`areaid`,`Name`,`cityid`) values('120223','静海县','120200');
insert into areas(`areaid`,`Name`,`cityid`) values('120225','蓟　县','120200');
insert into areas(`areaid`,`Name`,`cityid`) values('130101','市辖区','130100');
insert into areas(`areaid`,`Name`,`cityid`) values('130102','长安区','130100');
insert into areas(`areaid`,`Name`,`cityid`) values('130103','桥东区','130100');
insert into areas(`areaid`,`Name`,`cityid`) values('130104','桥西区','130100');
insert into areas(`areaid`,`Name`,`cityid`) values('130105','新华区','130100');
insert into areas(`areaid`,`Name`,`cityid`) values('130107','井陉矿区','130100');
insert into areas(`areaid`,`Name`,`cityid`) values('130108','裕华区','130100');
insert into areas(`areaid`,`Name`,`cityid`) values('130121','井陉县','130100');
insert into areas(`areaid`,`Name`,`cityid`) values('130123','正定县','130100');
insert into areas(`areaid`,`Name`,`cityid`) values('130124','栾城县','130100');
insert into areas(`areaid`,`Name`,`cityid`) values('130125','行唐县','130100');
insert into areas(`areaid`,`Name`,`cityid`) values('130126','灵寿县','130100');
insert into areas(`areaid`,`Name`,`cityid`) values('130127','高邑县','130100');
insert into areas(`areaid`,`Name`,`cityid`) values('130128','深泽县','130100');
insert into areas(`areaid`,`Name`,`cityid`) values('130129','赞皇县','130100');
insert into areas(`areaid`,`Name`,`cityid`) values('130130','无极县','130100');
insert into areas(`areaid`,`Name`,`cityid`) values('130131','平山县','130100');
insert into areas(`areaid`,`Name`,`cityid`) values('130132','元氏县','130100');
insert into areas(`areaid`,`Name`,`cityid`) values('130133','赵　县','130100');
insert into areas(`areaid`,`Name`,`cityid`) values('130181','辛集市','130100');
insert into areas(`areaid`,`Name`,`cityid`) values('130182','藁城市','130100');
insert into areas(`areaid`,`Name`,`cityid`) values('130183','晋州市','130100');
insert into areas(`areaid`,`Name`,`cityid`) values('130184','新乐市','130100');
insert into areas(`areaid`,`Name`,`cityid`) values('130185','鹿泉市','130100');
insert into areas(`areaid`,`Name`,`cityid`) values('130201','市辖区','130200');
insert into areas(`areaid`,`Name`,`cityid`) values('130202','路南区','130200');
insert into areas(`areaid`,`Name`,`cityid`) values('130203','路北区','130200');
insert into areas(`areaid`,`Name`,`cityid`) values('130204','古冶区','130200');
insert into areas(`areaid`,`Name`,`cityid`) values('130205','开平区','130200');
insert into areas(`areaid`,`Name`,`cityid`) values('130207','丰南区','130200');
insert into areas(`areaid`,`Name`,`cityid`) values('130208','丰润区','130200');
insert into areas(`areaid`,`Name`,`cityid`) values('130223','滦　县','130200');
insert into areas(`areaid`,`Name`,`cityid`) values('130224','滦南县','130200');
insert into areas(`areaid`,`Name`,`cityid`) values('130225','乐亭县','130200');
insert into areas(`areaid`,`Name`,`cityid`) values('130227','迁西县','130200');
insert into areas(`areaid`,`Name`,`cityid`) values('130229','玉田县','130200');
insert into areas(`areaid`,`Name`,`cityid`) values('130230','唐海县','130200');
insert into areas(`areaid`,`Name`,`cityid`) values('130281','遵化市','130200');
insert into areas(`areaid`,`Name`,`cityid`) values('130283','迁安市','130200');
insert into areas(`areaid`,`Name`,`cityid`) values('130301','市辖区','130300');
insert into areas(`areaid`,`Name`,`cityid`) values('130302','海港区','130300');
insert into areas(`areaid`,`Name`,`cityid`) values('130303','山海关区','130300');
insert into areas(`areaid`,`Name`,`cityid`) values('130304','北戴河区','130300');
insert into areas(`areaid`,`Name`,`cityid`) values('130321','青龙满族自治县','130300');
insert into areas(`areaid`,`Name`,`cityid`) values('130322','昌黎县','130300');
insert into areas(`areaid`,`Name`,`cityid`) values('130323','抚宁县','130300');
insert into areas(`areaid`,`Name`,`cityid`) values('130324','卢龙县','130300');
insert into areas(`areaid`,`Name`,`cityid`) values('130401','市辖区','130400');
insert into areas(`areaid`,`Name`,`cityid`) values('130402','邯山区','130400');
insert into areas(`areaid`,`Name`,`cityid`) values('130403','丛台区','130400');
insert into areas(`areaid`,`Name`,`cityid`) values('130404','复兴区','130400');
insert into areas(`areaid`,`Name`,`cityid`) values('130406','峰峰矿区','130400');
insert into areas(`areaid`,`Name`,`cityid`) values('130421','邯郸县','130400');
insert into areas(`areaid`,`Name`,`cityid`) values('130423','临漳县','130400');
insert into areas(`areaid`,`Name`,`cityid`) values('130424','成安县','130400');
insert into areas(`areaid`,`Name`,`cityid`) values('130425','大名县','130400');
insert into areas(`areaid`,`Name`,`cityid`) values('130426','涉　县','130400');
insert into areas(`areaid`,`Name`,`cityid`) values('130427','磁　县','130400');
insert into areas(`areaid`,`Name`,`cityid`) values('130428','肥乡县','130400');
insert into areas(`areaid`,`Name`,`cityid`) values('130429','永年县','130400');
insert into areas(`areaid`,`Name`,`cityid`) values('130430','邱　县','130400');
insert into areas(`areaid`,`Name`,`cityid`) values('130431','鸡泽县','130400');
insert into areas(`areaid`,`Name`,`cityid`) values('130432','广平县','130400');
insert into areas(`areaid`,`Name`,`cityid`) values('130433','馆陶县','130400');
insert into areas(`areaid`,`Name`,`cityid`) values('130434','魏　县','130400');
insert into areas(`areaid`,`Name`,`cityid`) values('130435','曲周县','130400');
insert into areas(`areaid`,`Name`,`cityid`) values('130481','武安市','130400');
insert into areas(`areaid`,`Name`,`cityid`) values('130501','市辖区','130500');
insert into areas(`areaid`,`Name`,`cityid`) values('130502','桥东区','130500');
insert into areas(`areaid`,`Name`,`cityid`) values('130503','桥西区','130500');
insert into areas(`areaid`,`Name`,`cityid`) values('130521','邢台县','130500');
insert into areas(`areaid`,`Name`,`cityid`) values('130522','临城县','130500');
insert into areas(`areaid`,`Name`,`cityid`) values('130523','内丘县','130500');
insert into areas(`areaid`,`Name`,`cityid`) values('130524','柏乡县','130500');
insert into areas(`areaid`,`Name`,`cityid`) values('130525','隆尧县','130500');
insert into areas(`areaid`,`Name`,`cityid`) values('130526','任　县','130500');
insert into areas(`areaid`,`Name`,`cityid`) values('130527','南和县','130500');
insert into areas(`areaid`,`Name`,`cityid`) values('130528','宁晋县','130500');
insert into areas(`areaid`,`Name`,`cityid`) values('130529','巨鹿县','130500');
insert into areas(`areaid`,`Name`,`cityid`) values('130530','新河县','130500');
insert into areas(`areaid`,`Name`,`cityid`) values('130531','广宗县','130500');
insert into areas(`areaid`,`Name`,`cityid`) values('130532','平乡县','130500');
insert into areas(`areaid`,`Name`,`cityid`) values('130533','威　县','130500');
insert into areas(`areaid`,`Name`,`cityid`) values('130534','清河县','130500');
insert into areas(`areaid`,`Name`,`cityid`) values('130535','临西县','130500');
insert into areas(`areaid`,`Name`,`cityid`) values('130581','南宫市','130500');
insert into areas(`areaid`,`Name`,`cityid`) values('130582','沙河市','130500');
insert into areas(`areaid`,`Name`,`cityid`) values('130601','市辖区','130600');
insert into areas(`areaid`,`Name`,`cityid`) values('130602','新市区','130600');
insert into areas(`areaid`,`Name`,`cityid`) values('130603','北市区','130600');
insert into areas(`areaid`,`Name`,`cityid`) values('130604','南市区','130600');
insert into areas(`areaid`,`Name`,`cityid`) values('130621','满城县','130600');
insert into areas(`areaid`,`Name`,`cityid`) values('130622','清苑县','130600');
insert into areas(`areaid`,`Name`,`cityid`) values('130623','涞水县','130600');
insert into areas(`areaid`,`Name`,`cityid`) values('130624','阜平县','130600');
insert into areas(`areaid`,`Name`,`cityid`) values('130625','徐水县','130600');
insert into areas(`areaid`,`Name`,`cityid`) values('130626','定兴县','130600');
insert into areas(`areaid`,`Name`,`cityid`) values('130627','唐　县','130600');
insert into areas(`areaid`,`Name`,`cityid`) values('130628','高阳县','130600');
insert into areas(`areaid`,`Name`,`cityid`) values('130629','容城县','130600');
insert into areas(`areaid`,`Name`,`cityid`) values('130630','涞源县','130600');
insert into areas(`areaid`,`Name`,`cityid`) values('130631','望都县','130600');
insert into areas(`areaid`,`Name`,`cityid`) values('130632','安新县','130600');
insert into areas(`areaid`,`Name`,`cityid`) values('130633','易　县','130600');
insert into areas(`areaid`,`Name`,`cityid`) values('130634','曲阳县','130600');
insert into areas(`areaid`,`Name`,`cityid`) values('130635','蠡　县','130600');
insert into areas(`areaid`,`Name`,`cityid`) values('130636','顺平县','130600');
insert into areas(`areaid`,`Name`,`cityid`) values('130637','博野县','130600');
insert into areas(`areaid`,`Name`,`cityid`) values('130638','雄　县','130600');
insert into areas(`areaid`,`Name`,`cityid`) values('130681','涿州市','130600');
insert into areas(`areaid`,`Name`,`cityid`) values('130682','定州市','130600');
insert into areas(`areaid`,`Name`,`cityid`) values('130683','安国市','130600');
insert into areas(`areaid`,`Name`,`cityid`) values('130684','高碑店市','130600');
insert into areas(`areaid`,`Name`,`cityid`) values('130701','市辖区','130700');
insert into areas(`areaid`,`Name`,`cityid`) values('130702','桥东区','130700');
insert into areas(`areaid`,`Name`,`cityid`) values('130703','桥西区','130700');
insert into areas(`areaid`,`Name`,`cityid`) values('130705','宣化区','130700');
insert into areas(`areaid`,`Name`,`cityid`) values('130706','下花园区','130700');
insert into areas(`areaid`,`Name`,`cityid`) values('130721','宣化县','130700');
insert into areas(`areaid`,`Name`,`cityid`) values('130722','张北县','130700');
insert into areas(`areaid`,`Name`,`cityid`) values('130723','康保县','130700');
insert into areas(`areaid`,`Name`,`cityid`) values('130724','沽源县','130700');
insert into areas(`areaid`,`Name`,`cityid`) values('130725','尚义县','130700');
insert into areas(`areaid`,`Name`,`cityid`) values('130726','蔚　县','130700');
insert into areas(`areaid`,`Name`,`cityid`) values('130727','阳原县','130700');
insert into areas(`areaid`,`Name`,`cityid`) values('130728','怀安县','130700');
insert into areas(`areaid`,`Name`,`cityid`) values('130729','万全县','130700');
insert into areas(`areaid`,`Name`,`cityid`) values('130730','怀来县','130700');
insert into areas(`areaid`,`Name`,`cityid`) values('130731','涿鹿县','130700');
insert into areas(`areaid`,`Name`,`cityid`) values('130732','赤城县','130700');
insert into areas(`areaid`,`Name`,`cityid`) values('130733','崇礼县','130700');
insert into areas(`areaid`,`Name`,`cityid`) values('130801','市辖区','130800');
insert into areas(`areaid`,`Name`,`cityid`) values('130802','双桥区','130800');
insert into areas(`areaid`,`Name`,`cityid`) values('130803','双滦区','130800');
insert into areas(`areaid`,`Name`,`cityid`) values('130804','鹰手营子矿区','130800');
insert into areas(`areaid`,`Name`,`cityid`) values('130821','承德县','130800');
insert into areas(`areaid`,`Name`,`cityid`) values('130822','兴隆县','130800');
insert into areas(`areaid`,`Name`,`cityid`) values('130823','平泉县','130800');
insert into areas(`areaid`,`Name`,`cityid`) values('130824','滦平县','130800');
insert into areas(`areaid`,`Name`,`cityid`) values('130825','隆化县','130800');
insert into areas(`areaid`,`Name`,`cityid`) values('130826','丰宁满族自治县','130800');
insert into areas(`areaid`,`Name`,`cityid`) values('130827','宽城满族自治县','130800');
insert into areas(`areaid`,`Name`,`cityid`) values('130828','围场满族蒙古族自治县','130800');
insert into areas(`areaid`,`Name`,`cityid`) values('130901','市辖区','130900');
insert into areas(`areaid`,`Name`,`cityid`) values('130902','新华区','130900');
insert into areas(`areaid`,`Name`,`cityid`) values('130903','运河区','130900');
insert into areas(`areaid`,`Name`,`cityid`) values('130921','沧　县','130900');
insert into areas(`areaid`,`Name`,`cityid`) values('130922','青　县','130900');
insert into areas(`areaid`,`Name`,`cityid`) values('130923','东光县','130900');
insert into areas(`areaid`,`Name`,`cityid`) values('130924','海兴县','130900');
insert into areas(`areaid`,`Name`,`cityid`) values('130925','盐山县','130900');
insert into areas(`areaid`,`Name`,`cityid`) values('130926','肃宁县','130900');
insert into areas(`areaid`,`Name`,`cityid`) values('130927','南皮县','130900');
insert into areas(`areaid`,`Name`,`cityid`) values('130928','吴桥县','130900');
insert into areas(`areaid`,`Name`,`cityid`) values('130929','献　县','130900');
insert into areas(`areaid`,`Name`,`cityid`) values('130930','孟村回族自治县','130900');
insert into areas(`areaid`,`Name`,`cityid`) values('130981','泊头市','130900');
insert into areas(`areaid`,`Name`,`cityid`) values('130982','任丘市','130900');
insert into areas(`areaid`,`Name`,`cityid`) values('130983','黄骅市','130900');
insert into areas(`areaid`,`Name`,`cityid`) values('130984','河间市','130900');
insert into areas(`areaid`,`Name`,`cityid`) values('131001','市辖区','131000');
insert into areas(`areaid`,`Name`,`cityid`) values('131002','安次区','131000');
insert into areas(`areaid`,`Name`,`cityid`) values('131003','广阳区','131000');
insert into areas(`areaid`,`Name`,`cityid`) values('131022','固安县','131000');
insert into areas(`areaid`,`Name`,`cityid`) values('131023','永清县','131000');
insert into areas(`areaid`,`Name`,`cityid`) values('131024','香河县','131000');
insert into areas(`areaid`,`Name`,`cityid`) values('131025','大城县','131000');
insert into areas(`areaid`,`Name`,`cityid`) values('131026','文安县','131000');
insert into areas(`areaid`,`Name`,`cityid`) values('131028','大厂回族自治县','131000');
insert into areas(`areaid`,`Name`,`cityid`) values('131081','霸州市','131000');
insert into areas(`areaid`,`Name`,`cityid`) values('131082','三河市','131000');
insert into areas(`areaid`,`Name`,`cityid`) values('131101','市辖区','131100');
insert into areas(`areaid`,`Name`,`cityid`) values('131102','桃城区','131100');
insert into areas(`areaid`,`Name`,`cityid`) values('131121','枣强县','131100');
insert into areas(`areaid`,`Name`,`cityid`) values('131122','武邑县','131100');
insert into areas(`areaid`,`Name`,`cityid`) values('131123','武强县','131100');
insert into areas(`areaid`,`Name`,`cityid`) values('131124','饶阳县','131100');
insert into areas(`areaid`,`Name`,`cityid`) values('131125','安平县','131100');
insert into areas(`areaid`,`Name`,`cityid`) values('131126','故城县','131100');
insert into areas(`areaid`,`Name`,`cityid`) values('131127','景　县','131100');
insert into areas(`areaid`,`Name`,`cityid`) values('131128','阜城县','131100');
insert into areas(`areaid`,`Name`,`cityid`) values('131181','冀州市','131100');
insert into areas(`areaid`,`Name`,`cityid`) values('131182','深州市','131100');
insert into areas(`areaid`,`Name`,`cityid`) values('140101','市辖区','140100');
insert into areas(`areaid`,`Name`,`cityid`) values('140105','小店区','140100');
insert into areas(`areaid`,`Name`,`cityid`) values('140106','迎泽区','140100');
insert into areas(`areaid`,`Name`,`cityid`) values('140107','杏花岭区','140100');
insert into areas(`areaid`,`Name`,`cityid`) values('140108','尖草坪区','140100');
insert into areas(`areaid`,`Name`,`cityid`) values('140109','万柏林区','140100');
insert into areas(`areaid`,`Name`,`cityid`) values('140110','晋源区','140100');
insert into areas(`areaid`,`Name`,`cityid`) values('140121','清徐县','140100');
insert into areas(`areaid`,`Name`,`cityid`) values('140122','阳曲县','140100');
insert into areas(`areaid`,`Name`,`cityid`) values('140123','娄烦县','140100');
insert into areas(`areaid`,`Name`,`cityid`) values('140181','古交市','140100');
insert into areas(`areaid`,`Name`,`cityid`) values('140201','市辖区','140200');
insert into areas(`areaid`,`Name`,`cityid`) values('140202','城　区','140200');
insert into areas(`areaid`,`Name`,`cityid`) values('140203','矿　区','140200');
insert into areas(`areaid`,`Name`,`cityid`) values('140211','南郊区','140200');
insert into areas(`areaid`,`Name`,`cityid`) values('140212','新荣区','140200');
insert into areas(`areaid`,`Name`,`cityid`) values('140221','阳高县','140200');
insert into areas(`areaid`,`Name`,`cityid`) values('140222','天镇县','140200');
insert into areas(`areaid`,`Name`,`cityid`) values('140223','广灵县','140200');
insert into areas(`areaid`,`Name`,`cityid`) values('140224','灵丘县','140200');
insert into areas(`areaid`,`Name`,`cityid`) values('140225','浑源县','140200');
insert into areas(`areaid`,`Name`,`cityid`) values('140226','左云县','140200');
insert into areas(`areaid`,`Name`,`cityid`) values('140227','大同县','140200');
insert into areas(`areaid`,`Name`,`cityid`) values('140301','市辖区','140300');
insert into areas(`areaid`,`Name`,`cityid`) values('140302','城　区','140300');
insert into areas(`areaid`,`Name`,`cityid`) values('140303','矿　区','140300');
insert into areas(`areaid`,`Name`,`cityid`) values('140311','郊　区','140300');
insert into areas(`areaid`,`Name`,`cityid`) values('140321','平定县','140300');
insert into areas(`areaid`,`Name`,`cityid`) values('140322','盂　县','140300');
insert into areas(`areaid`,`Name`,`cityid`) values('140401','市辖区','140400');
insert into areas(`areaid`,`Name`,`cityid`) values('140402','城　区','140400');
insert into areas(`areaid`,`Name`,`cityid`) values('140411','郊　区','140400');
insert into areas(`areaid`,`Name`,`cityid`) values('140421','长治县','140400');
insert into areas(`areaid`,`Name`,`cityid`) values('140423','襄垣县','140400');
insert into areas(`areaid`,`Name`,`cityid`) values('140424','屯留县','140400');
insert into areas(`areaid`,`Name`,`cityid`) values('140425','平顺县','140400');
insert into areas(`areaid`,`Name`,`cityid`) values('140426','黎城县','140400');
insert into areas(`areaid`,`Name`,`cityid`) values('140427','壶关县','140400');
insert into areas(`areaid`,`Name`,`cityid`) values('140428','长子县','140400');
insert into areas(`areaid`,`Name`,`cityid`) values('140429','武乡县','140400');
insert into areas(`areaid`,`Name`,`cityid`) values('140430','沁　县','140400');
insert into areas(`areaid`,`Name`,`cityid`) values('140431','沁源县','140400');
insert into areas(`areaid`,`Name`,`cityid`) values('140481','潞城市','140400');
insert into areas(`areaid`,`Name`,`cityid`) values('140501','市辖区','140500');
insert into areas(`areaid`,`Name`,`cityid`) values('140502','城　区','140500');
insert into areas(`areaid`,`Name`,`cityid`) values('140521','沁水县','140500');
insert into areas(`areaid`,`Name`,`cityid`) values('140522','阳城县','140500');
insert into areas(`areaid`,`Name`,`cityid`) values('140524','陵川县','140500');
insert into areas(`areaid`,`Name`,`cityid`) values('140525','泽州县','140500');
insert into areas(`areaid`,`Name`,`cityid`) values('140581','高平市','140500');
insert into areas(`areaid`,`Name`,`cityid`) values('140601','市辖区','140600');
insert into areas(`areaid`,`Name`,`cityid`) values('140602','朔城区','140600');
insert into areas(`areaid`,`Name`,`cityid`) values('140603','平鲁区','140600');
insert into areas(`areaid`,`Name`,`cityid`) values('140621','山阴县','140600');
insert into areas(`areaid`,`Name`,`cityid`) values('140622','应　县','140600');
insert into areas(`areaid`,`Name`,`cityid`) values('140623','右玉县','140600');
insert into areas(`areaid`,`Name`,`cityid`) values('140624','怀仁县','140600');
insert into areas(`areaid`,`Name`,`cityid`) values('140701','市辖区','140700');
insert into areas(`areaid`,`Name`,`cityid`) values('140702','榆次区','140700');
insert into areas(`areaid`,`Name`,`cityid`) values('140721','榆社县','140700');
insert into areas(`areaid`,`Name`,`cityid`) values('140722','左权县','140700');
insert into areas(`areaid`,`Name`,`cityid`) values('140723','和顺县','140700');
insert into areas(`areaid`,`Name`,`cityid`) values('140724','昔阳县','140700');
insert into areas(`areaid`,`Name`,`cityid`) values('140725','寿阳县','140700');
insert into areas(`areaid`,`Name`,`cityid`) values('140726','太谷县','140700');
insert into areas(`areaid`,`Name`,`cityid`) values('140727','祁　县','140700');
insert into areas(`areaid`,`Name`,`cityid`) values('140728','平遥县','140700');
insert into areas(`areaid`,`Name`,`cityid`) values('140729','灵石县','140700');
insert into areas(`areaid`,`Name`,`cityid`) values('140781','介休市','140700');
insert into areas(`areaid`,`Name`,`cityid`) values('140801','市辖区','140800');
insert into areas(`areaid`,`Name`,`cityid`) values('140802','盐湖区','140800');
insert into areas(`areaid`,`Name`,`cityid`) values('140821','临猗县','140800');
insert into areas(`areaid`,`Name`,`cityid`) values('140822','万荣县','140800');
insert into areas(`areaid`,`Name`,`cityid`) values('140823','闻喜县','140800');
insert into areas(`areaid`,`Name`,`cityid`) values('140824','稷山县','140800');
insert into areas(`areaid`,`Name`,`cityid`) values('140825','新绛县','140800');
insert into areas(`areaid`,`Name`,`cityid`) values('140826','绛　县','140800');
insert into areas(`areaid`,`Name`,`cityid`) values('140827','垣曲县','140800');
insert into areas(`areaid`,`Name`,`cityid`) values('140828','夏　县','140800');
insert into areas(`areaid`,`Name`,`cityid`) values('140829','平陆县','140800');
insert into areas(`areaid`,`Name`,`cityid`) values('140830','芮城县','140800');
insert into areas(`areaid`,`Name`,`cityid`) values('140881','永济市','140800');
insert into areas(`areaid`,`Name`,`cityid`) values('140882','河津市','140800');
insert into areas(`areaid`,`Name`,`cityid`) values('140901','市辖区','140900');
insert into areas(`areaid`,`Name`,`cityid`) values('140902','忻府区','140900');
insert into areas(`areaid`,`Name`,`cityid`) values('140921','定襄县','140900');
insert into areas(`areaid`,`Name`,`cityid`) values('140922','五台县','140900');
insert into areas(`areaid`,`Name`,`cityid`) values('140923','代　县','140900');
insert into areas(`areaid`,`Name`,`cityid`) values('140924','繁峙县','140900');
insert into areas(`areaid`,`Name`,`cityid`) values('140925','宁武县','140900');
insert into areas(`areaid`,`Name`,`cityid`) values('140926','静乐县','140900');
insert into areas(`areaid`,`Name`,`cityid`) values('140927','神池县','140900');
insert into areas(`areaid`,`Name`,`cityid`) values('140928','五寨县','140900');
insert into areas(`areaid`,`Name`,`cityid`) values('140929','岢岚县','140900');
insert into areas(`areaid`,`Name`,`cityid`) values('140930','河曲县','140900');
insert into areas(`areaid`,`Name`,`cityid`) values('140931','保德县','140900');
insert into areas(`areaid`,`Name`,`cityid`) values('140932','偏关县','140900');
insert into areas(`areaid`,`Name`,`cityid`) values('140981','原平市','140900');
insert into areas(`areaid`,`Name`,`cityid`) values('141001','市辖区','141000');
insert into areas(`areaid`,`Name`,`cityid`) values('141002','尧都区','141000');
insert into areas(`areaid`,`Name`,`cityid`) values('141021','曲沃县','141000');
insert into areas(`areaid`,`Name`,`cityid`) values('141022','翼城县','141000');
insert into areas(`areaid`,`Name`,`cityid`) values('141023','襄汾县','141000');
insert into areas(`areaid`,`Name`,`cityid`) values('141024','洪洞县','141000');
insert into areas(`areaid`,`Name`,`cityid`) values('141025','古　县','141000');
insert into areas(`areaid`,`Name`,`cityid`) values('141026','安泽县','141000');
insert into areas(`areaid`,`Name`,`cityid`) values('141027','浮山县','141000');
insert into areas(`areaid`,`Name`,`cityid`) values('141028','吉　县','141000');
insert into areas(`areaid`,`Name`,`cityid`) values('141029','乡宁县','141000');
insert into areas(`areaid`,`Name`,`cityid`) values('141030','大宁县','141000');
insert into areas(`areaid`,`Name`,`cityid`) values('141031','隰　县','141000');
insert into areas(`areaid`,`Name`,`cityid`) values('141032','永和县','141000');
insert into areas(`areaid`,`Name`,`cityid`) values('141033','蒲　县','141000');
insert into areas(`areaid`,`Name`,`cityid`) values('141034','汾西县','141000');
insert into areas(`areaid`,`Name`,`cityid`) values('141081','侯马市','141000');
insert into areas(`areaid`,`Name`,`cityid`) values('141082','霍州市','141000');
insert into areas(`areaid`,`Name`,`cityid`) values('141101','市辖区','141100');
insert into areas(`areaid`,`Name`,`cityid`) values('141102','离石区','141100');
insert into areas(`areaid`,`Name`,`cityid`) values('141121','文水县','141100');
insert into areas(`areaid`,`Name`,`cityid`) values('141122','交城县','141100');
insert into areas(`areaid`,`Name`,`cityid`) values('141123','兴　县','141100');
insert into areas(`areaid`,`Name`,`cityid`) values('141124','临　县','141100');
insert into areas(`areaid`,`Name`,`cityid`) values('141125','柳林县','141100');
insert into areas(`areaid`,`Name`,`cityid`) values('141126','石楼县','141100');
insert into areas(`areaid`,`Name`,`cityid`) values('141127','岚　县','141100');
insert into areas(`areaid`,`Name`,`cityid`) values('141128','方山县','141100');
insert into areas(`areaid`,`Name`,`cityid`) values('141129','中阳县','141100');
insert into areas(`areaid`,`Name`,`cityid`) values('141130','交口县','141100');
insert into areas(`areaid`,`Name`,`cityid`) values('141181','孝义市','141100');
insert into areas(`areaid`,`Name`,`cityid`) values('141182','汾阳市','141100');
insert into areas(`areaid`,`Name`,`cityid`) values('150101','市辖区','150100');
insert into areas(`areaid`,`Name`,`cityid`) values('150102','新城区','150100');
insert into areas(`areaid`,`Name`,`cityid`) values('150103','回民区','150100');
insert into areas(`areaid`,`Name`,`cityid`) values('150104','玉泉区','150100');
insert into areas(`areaid`,`Name`,`cityid`) values('150105','赛罕区','150100');
insert into areas(`areaid`,`Name`,`cityid`) values('150121','土默特左旗','150100');
insert into areas(`areaid`,`Name`,`cityid`) values('150122','托克托县','150100');
insert into areas(`areaid`,`Name`,`cityid`) values('150123','和林格尔县','150100');
insert into areas(`areaid`,`Name`,`cityid`) values('150124','清水河县','150100');
insert into areas(`areaid`,`Name`,`cityid`) values('150125','武川县','150100');
insert into areas(`areaid`,`Name`,`cityid`) values('150201','市辖区','150200');
insert into areas(`areaid`,`Name`,`cityid`) values('150202','东河区','150200');
insert into areas(`areaid`,`Name`,`cityid`) values('150203','昆都仑区','150200');
insert into areas(`areaid`,`Name`,`cityid`) values('150204','青山区','150200');
insert into areas(`areaid`,`Name`,`cityid`) values('150205','石拐区','150200');
insert into areas(`areaid`,`Name`,`cityid`) values('150206','白云矿区','150200');
insert into areas(`areaid`,`Name`,`cityid`) values('150207','九原区','150200');
insert into areas(`areaid`,`Name`,`cityid`) values('150221','土默特右旗','150200');
insert into areas(`areaid`,`Name`,`cityid`) values('150222','固阳县','150200');
insert into areas(`areaid`,`Name`,`cityid`) values('150223','达尔罕茂明安联合旗','150200');
insert into areas(`areaid`,`Name`,`cityid`) values('150301','市辖区','150300');
insert into areas(`areaid`,`Name`,`cityid`) values('150302','海勃湾区','150300');
insert into areas(`areaid`,`Name`,`cityid`) values('150303','海南区','150300');
insert into areas(`areaid`,`Name`,`cityid`) values('150304','乌达区','150300');
insert into areas(`areaid`,`Name`,`cityid`) values('150401','市辖区','150400');
insert into areas(`areaid`,`Name`,`cityid`) values('150402','红山区','150400');
insert into areas(`areaid`,`Name`,`cityid`) values('150403','元宝山区','150400');
insert into areas(`areaid`,`Name`,`cityid`) values('150404','松山区','150400');
insert into areas(`areaid`,`Name`,`cityid`) values('150421','阿鲁科尔沁旗','150400');
insert into areas(`areaid`,`Name`,`cityid`) values('150422','巴林左旗','150400');
insert into areas(`areaid`,`Name`,`cityid`) values('150423','巴林右旗','150400');
insert into areas(`areaid`,`Name`,`cityid`) values('150424','林西县','150400');
insert into areas(`areaid`,`Name`,`cityid`) values('150425','克什克腾旗','150400');
insert into areas(`areaid`,`Name`,`cityid`) values('150426','翁牛特旗','150400');
insert into areas(`areaid`,`Name`,`cityid`) values('150428','喀喇沁旗','150400');
insert into areas(`areaid`,`Name`,`cityid`) values('150429','宁城县','150400');
insert into areas(`areaid`,`Name`,`cityid`) values('150430','敖汉旗','150400');
insert into areas(`areaid`,`Name`,`cityid`) values('150501','市辖区','150500');
insert into areas(`areaid`,`Name`,`cityid`) values('150502','科尔沁区','150500');
insert into areas(`areaid`,`Name`,`cityid`) values('150521','科尔沁左翼中旗','150500');
insert into areas(`areaid`,`Name`,`cityid`) values('150522','科尔沁左翼后旗','150500');
insert into areas(`areaid`,`Name`,`cityid`) values('150523','开鲁县','150500');
insert into areas(`areaid`,`Name`,`cityid`) values('150524','库伦旗','150500');
insert into areas(`areaid`,`Name`,`cityid`) values('150525','奈曼旗','150500');
insert into areas(`areaid`,`Name`,`cityid`) values('150526','扎鲁特旗','150500');
insert into areas(`areaid`,`Name`,`cityid`) values('150581','霍林郭勒市','150500');
insert into areas(`areaid`,`Name`,`cityid`) values('150602','东胜区','150600');
insert into areas(`areaid`,`Name`,`cityid`) values('150621','达拉特旗','150600');
insert into areas(`areaid`,`Name`,`cityid`) values('150622','准格尔旗','150600');
insert into areas(`areaid`,`Name`,`cityid`) values('150623','鄂托克前旗','150600');
insert into areas(`areaid`,`Name`,`cityid`) values('150624','鄂托克旗','150600');
insert into areas(`areaid`,`Name`,`cityid`) values('150625','杭锦旗','150600');
insert into areas(`areaid`,`Name`,`cityid`) values('150626','乌审旗','150600');
insert into areas(`areaid`,`Name`,`cityid`) values('150627','伊金霍洛旗','150600');
insert into areas(`areaid`,`Name`,`cityid`) values('150701','市辖区','150700');
insert into areas(`areaid`,`Name`,`cityid`) values('150702','海拉尔区','150700');
insert into areas(`areaid`,`Name`,`cityid`) values('150721','阿荣旗','150700');
insert into areas(`areaid`,`Name`,`cityid`) values('150722','莫力达瓦达斡尔族自治旗','150700');
insert into areas(`areaid`,`Name`,`cityid`) values('150723','鄂伦春自治旗','150700');
insert into areas(`areaid`,`Name`,`cityid`) values('150724','鄂温克族自治旗','150700');
insert into areas(`areaid`,`Name`,`cityid`) values('150725','陈巴尔虎旗','150700');
insert into areas(`areaid`,`Name`,`cityid`) values('150726','新巴尔虎左旗','150700');
insert into areas(`areaid`,`Name`,`cityid`) values('150727','新巴尔虎右旗','150700');
insert into areas(`areaid`,`Name`,`cityid`) values('150781','满洲里市','150700');
insert into areas(`areaid`,`Name`,`cityid`) values('150782','牙克石市','150700');
insert into areas(`areaid`,`Name`,`cityid`) values('150783','扎兰屯市','150700');
insert into areas(`areaid`,`Name`,`cityid`) values('150784','额尔古纳市','150700');
insert into areas(`areaid`,`Name`,`cityid`) values('150785','根河市','150700');
insert into areas(`areaid`,`Name`,`cityid`) values('150801','市辖区','150800');
insert into areas(`areaid`,`Name`,`cityid`) values('150802','临河区','150800');
insert into areas(`areaid`,`Name`,`cityid`) values('150821','五原县','150800');
insert into areas(`areaid`,`Name`,`cityid`) values('150822','磴口县','150800');
insert into areas(`areaid`,`Name`,`cityid`) values('150823','乌拉特前旗','150800');
insert into areas(`areaid`,`Name`,`cityid`) values('150824','乌拉特中旗','150800');
insert into areas(`areaid`,`Name`,`cityid`) values('150825','乌拉特后旗','150800');
insert into areas(`areaid`,`Name`,`cityid`) values('150826','杭锦后旗','150800');
insert into areas(`areaid`,`Name`,`cityid`) values('150901','市辖区','150900');
insert into areas(`areaid`,`Name`,`cityid`) values('150902','集宁区','150900');
insert into areas(`areaid`,`Name`,`cityid`) values('150921','卓资县','150900');
insert into areas(`areaid`,`Name`,`cityid`) values('150922','化德县','150900');
insert into areas(`areaid`,`Name`,`cityid`) values('150923','商都县','150900');
insert into areas(`areaid`,`Name`,`cityid`) values('150924','兴和县','150900');
insert into areas(`areaid`,`Name`,`cityid`) values('150925','凉城县','150900');
insert into areas(`areaid`,`Name`,`cityid`) values('150926','察哈尔右翼前旗','150900');
insert into areas(`areaid`,`Name`,`cityid`) values('150927','察哈尔右翼中旗','150900');
insert into areas(`areaid`,`Name`,`cityid`) values('150928','察哈尔右翼后旗','150900');
insert into areas(`areaid`,`Name`,`cityid`) values('150929','四子王旗','150900');
insert into areas(`areaid`,`Name`,`cityid`) values('150981','丰镇市','150900');
insert into areas(`areaid`,`Name`,`cityid`) values('152201','乌兰浩特市','152200');
insert into areas(`areaid`,`Name`,`cityid`) values('152202','阿尔山市','152200');
insert into areas(`areaid`,`Name`,`cityid`) values('152221','科尔沁右翼前旗','152200');
insert into areas(`areaid`,`Name`,`cityid`) values('152222','科尔沁右翼中旗','152200');
insert into areas(`areaid`,`Name`,`cityid`) values('152223','扎赉特旗','152200');
insert into areas(`areaid`,`Name`,`cityid`) values('152224','突泉县','152200');
insert into areas(`areaid`,`Name`,`cityid`) values('152501','二连浩特市','152500');
insert into areas(`areaid`,`Name`,`cityid`) values('152502','锡林浩特市','152500');
insert into areas(`areaid`,`Name`,`cityid`) values('152522','阿巴嘎旗','152500');
insert into areas(`areaid`,`Name`,`cityid`) values('152523','苏尼特左旗','152500');
insert into areas(`areaid`,`Name`,`cityid`) values('152524','苏尼特右旗','152500');
insert into areas(`areaid`,`Name`,`cityid`) values('152525','东乌珠穆沁旗','152500');
insert into areas(`areaid`,`Name`,`cityid`) values('152526','西乌珠穆沁旗','152500');
insert into areas(`areaid`,`Name`,`cityid`) values('152527','太仆寺旗','152500');
insert into areas(`areaid`,`Name`,`cityid`) values('152528','镶黄旗','152500');
insert into areas(`areaid`,`Name`,`cityid`) values('152529','正镶白旗','152500');
insert into areas(`areaid`,`Name`,`cityid`) values('152530','正蓝旗','152500');
insert into areas(`areaid`,`Name`,`cityid`) values('152531','多伦县','152500');
insert into areas(`areaid`,`Name`,`cityid`) values('152921','阿拉善左旗','152900');
insert into areas(`areaid`,`Name`,`cityid`) values('152922','阿拉善右旗','152900');
insert into areas(`areaid`,`Name`,`cityid`) values('152923','额济纳旗','152900');
insert into areas(`areaid`,`Name`,`cityid`) values('210101','市辖区','210100');
insert into areas(`areaid`,`Name`,`cityid`) values('210102','和平区','210100');
insert into areas(`areaid`,`Name`,`cityid`) values('210103','沈河区','210100');
insert into areas(`areaid`,`Name`,`cityid`) values('210104','大东区','210100');
insert into areas(`areaid`,`Name`,`cityid`) values('210105','皇姑区','210100');
insert into areas(`areaid`,`Name`,`cityid`) values('210106','铁西区','210100');
insert into areas(`areaid`,`Name`,`cityid`) values('210111','苏家屯区','210100');
insert into areas(`areaid`,`Name`,`cityid`) values('210112','东陵区','210100');
insert into areas(`areaid`,`Name`,`cityid`) values('210113','新城子区','210100');
insert into areas(`areaid`,`Name`,`cityid`) values('210114','于洪区','210100');
insert into areas(`areaid`,`Name`,`cityid`) values('210122','辽中县','210100');
insert into areas(`areaid`,`Name`,`cityid`) values('210123','康平县','210100');
insert into areas(`areaid`,`Name`,`cityid`) values('210124','法库县','210100');
insert into areas(`areaid`,`Name`,`cityid`) values('210181','新民市','210100');
insert into areas(`areaid`,`Name`,`cityid`) values('210201','市辖区','210200');
insert into areas(`areaid`,`Name`,`cityid`) values('210202','中山区','210200');
insert into areas(`areaid`,`Name`,`cityid`) values('210203','西岗区','210200');
insert into areas(`areaid`,`Name`,`cityid`) values('210204','沙河口区','210200');
insert into areas(`areaid`,`Name`,`cityid`) values('210211','甘井子区','210200');
insert into areas(`areaid`,`Name`,`cityid`) values('210212','旅顺口区','210200');
insert into areas(`areaid`,`Name`,`cityid`) values('210213','金州区','210200');
insert into areas(`areaid`,`Name`,`cityid`) values('210224','长海县','210200');
insert into areas(`areaid`,`Name`,`cityid`) values('210281','瓦房店市','210200');
insert into areas(`areaid`,`Name`,`cityid`) values('210282','普兰店市','210200');
insert into areas(`areaid`,`Name`,`cityid`) values('210283','庄河市','210200');
insert into areas(`areaid`,`Name`,`cityid`) values('210301','市辖区','210300');
insert into areas(`areaid`,`Name`,`cityid`) values('210302','铁东区','210300');
insert into areas(`areaid`,`Name`,`cityid`) values('210303','铁西区','210300');
insert into areas(`areaid`,`Name`,`cityid`) values('210304','立山区','210300');
insert into areas(`areaid`,`Name`,`cityid`) values('210311','千山区','210300');
insert into areas(`areaid`,`Name`,`cityid`) values('210321','台安县','210300');
insert into areas(`areaid`,`Name`,`cityid`) values('210323','岫岩满族自治县','210300');
insert into areas(`areaid`,`Name`,`cityid`) values('210381','海城市','210300');
insert into areas(`areaid`,`Name`,`cityid`) values('210401','市辖区','210400');
insert into areas(`areaid`,`Name`,`cityid`) values('210402','新抚区','210400');
insert into areas(`areaid`,`Name`,`cityid`) values('210403','东洲区','210400');
insert into areas(`areaid`,`Name`,`cityid`) values('210404','望花区','210400');
insert into areas(`areaid`,`Name`,`cityid`) values('210411','顺城区','210400');
insert into areas(`areaid`,`Name`,`cityid`) values('210421','抚顺县','210400');
insert into areas(`areaid`,`Name`,`cityid`) values('210422','新宾满族自治县','210400');
insert into areas(`areaid`,`Name`,`cityid`) values('210423','清原满族自治县','210400');
insert into areas(`areaid`,`Name`,`cityid`) values('210501','市辖区','210500');
insert into areas(`areaid`,`Name`,`cityid`) values('210502','平山区','210500');
insert into areas(`areaid`,`Name`,`cityid`) values('210503','溪湖区','210500');
insert into areas(`areaid`,`Name`,`cityid`) values('210504','明山区','210500');
insert into areas(`areaid`,`Name`,`cityid`) values('210505','南芬区','210500');
insert into areas(`areaid`,`Name`,`cityid`) values('210521','本溪满族自治县','210500');
insert into areas(`areaid`,`Name`,`cityid`) values('210522','桓仁满族自治县','210500');
insert into areas(`areaid`,`Name`,`cityid`) values('210601','市辖区','210600');
insert into areas(`areaid`,`Name`,`cityid`) values('210602','元宝区','210600');
insert into areas(`areaid`,`Name`,`cityid`) values('210603','振兴区','210600');
insert into areas(`areaid`,`Name`,`cityid`) values('210604','振安区','210600');
insert into areas(`areaid`,`Name`,`cityid`) values('210624','宽甸满族自治县','210600');
insert into areas(`areaid`,`Name`,`cityid`) values('210681','东港市','210600');
insert into areas(`areaid`,`Name`,`cityid`) values('210682','凤城市','210600');
insert into areas(`areaid`,`Name`,`cityid`) values('210701','市辖区','210700');
insert into areas(`areaid`,`Name`,`cityid`) values('210702','古塔区','210700');
insert into areas(`areaid`,`Name`,`cityid`) values('210703','凌河区','210700');
insert into areas(`areaid`,`Name`,`cityid`) values('210711','太和区','210700');
insert into areas(`areaid`,`Name`,`cityid`) values('210726','黑山县','210700');
insert into areas(`areaid`,`Name`,`cityid`) values('210727','义　县','210700');
insert into areas(`areaid`,`Name`,`cityid`) values('210781','凌海市','210700');
insert into areas(`areaid`,`Name`,`cityid`) values('210782','北宁市','210700');
insert into areas(`areaid`,`Name`,`cityid`) values('210801','市辖区','210800');
insert into areas(`areaid`,`Name`,`cityid`) values('210802','站前区','210800');
insert into areas(`areaid`,`Name`,`cityid`) values('210803','西市区','210800');
insert into areas(`areaid`,`Name`,`cityid`) values('210804','鲅鱼圈区','210800');
insert into areas(`areaid`,`Name`,`cityid`) values('210811','老边区','210800');
insert into areas(`areaid`,`Name`,`cityid`) values('210881','盖州市','210800');
insert into areas(`areaid`,`Name`,`cityid`) values('210882','大石桥市','210800');
insert into areas(`areaid`,`Name`,`cityid`) values('210901','市辖区','210900');
insert into areas(`areaid`,`Name`,`cityid`) values('210902','海州区','210900');
insert into areas(`areaid`,`Name`,`cityid`) values('210903','新邱区','210900');
insert into areas(`areaid`,`Name`,`cityid`) values('210904','太平区','210900');
insert into areas(`areaid`,`Name`,`cityid`) values('210905','清河门区','210900');
insert into areas(`areaid`,`Name`,`cityid`) values('210911','细河区','210900');
insert into areas(`areaid`,`Name`,`cityid`) values('210921','阜新蒙古族自治县','210900');
insert into areas(`areaid`,`Name`,`cityid`) values('210922','彰武县','210900');
insert into areas(`areaid`,`Name`,`cityid`) values('211001','市辖区','211000');
insert into areas(`areaid`,`Name`,`cityid`) values('211002','白塔区','211000');
insert into areas(`areaid`,`Name`,`cityid`) values('211003','文圣区','211000');
insert into areas(`areaid`,`Name`,`cityid`) values('211004','宏伟区','211000');
insert into areas(`areaid`,`Name`,`cityid`) values('211005','弓长岭区','211000');
insert into areas(`areaid`,`Name`,`cityid`) values('211011','太子河区','211000');
insert into areas(`areaid`,`Name`,`cityid`) values('211021','辽阳县','211000');
insert into areas(`areaid`,`Name`,`cityid`) values('211081','灯塔市','211000');
insert into areas(`areaid`,`Name`,`cityid`) values('211101','市辖区','211100');
insert into areas(`areaid`,`Name`,`cityid`) values('211102','双台子区','211100');
insert into areas(`areaid`,`Name`,`cityid`) values('211103','兴隆台区','211100');
insert into areas(`areaid`,`Name`,`cityid`) values('211121','大洼县','211100');
insert into areas(`areaid`,`Name`,`cityid`) values('211122','盘山县','211100');
insert into areas(`areaid`,`Name`,`cityid`) values('211201','市辖区','211200');
insert into areas(`areaid`,`Name`,`cityid`) values('211202','银州区','211200');
insert into areas(`areaid`,`Name`,`cityid`) values('211204','清河区','211200');
insert into areas(`areaid`,`Name`,`cityid`) values('211221','铁岭县','211200');
insert into areas(`areaid`,`Name`,`cityid`) values('211223','西丰县','211200');
insert into areas(`areaid`,`Name`,`cityid`) values('211224','昌图县','211200');
insert into areas(`areaid`,`Name`,`cityid`) values('211281','调兵山市','211200');
insert into areas(`areaid`,`Name`,`cityid`) values('211282','开原市','211200');
insert into areas(`areaid`,`Name`,`cityid`) values('211301','市辖区','211300');
insert into areas(`areaid`,`Name`,`cityid`) values('211302','双塔区','211300');
insert into areas(`areaid`,`Name`,`cityid`) values('211303','龙城区','211300');
insert into areas(`areaid`,`Name`,`cityid`) values('211321','朝阳县','211300');
insert into areas(`areaid`,`Name`,`cityid`) values('211322','建平县','211300');
insert into areas(`areaid`,`Name`,`cityid`) values('211324','喀喇沁左翼蒙古族自治县','211300');
insert into areas(`areaid`,`Name`,`cityid`) values('211381','北票市','211300');
insert into areas(`areaid`,`Name`,`cityid`) values('211382','凌源市','211300');
insert into areas(`areaid`,`Name`,`cityid`) values('211401','市辖区','211400');
insert into areas(`areaid`,`Name`,`cityid`) values('211402','连山区','211400');
insert into areas(`areaid`,`Name`,`cityid`) values('211403','龙港区','211400');
insert into areas(`areaid`,`Name`,`cityid`) values('211404','南票区','211400');
insert into areas(`areaid`,`Name`,`cityid`) values('211421','绥中县','211400');
insert into areas(`areaid`,`Name`,`cityid`) values('211422','建昌县','211400');
insert into areas(`areaid`,`Name`,`cityid`) values('211481','兴城市','211400');
insert into areas(`areaid`,`Name`,`cityid`) values('220101','市辖区','220100');
insert into areas(`areaid`,`Name`,`cityid`) values('220102','南关区','220100');
insert into areas(`areaid`,`Name`,`cityid`) values('220103','宽城区','220100');
insert into areas(`areaid`,`Name`,`cityid`) values('220104','朝阳区','220100');
insert into areas(`areaid`,`Name`,`cityid`) values('220105','二道区','220100');
insert into areas(`areaid`,`Name`,`cityid`) values('220106','绿园区','220100');
insert into areas(`areaid`,`Name`,`cityid`) values('220112','双阳区','220100');
insert into areas(`areaid`,`Name`,`cityid`) values('220122','农安县','220100');
insert into areas(`areaid`,`Name`,`cityid`) values('220181','九台市','220100');
insert into areas(`areaid`,`Name`,`cityid`) values('220182','榆树市','220100');
insert into areas(`areaid`,`Name`,`cityid`) values('220183','德惠市','220100');
insert into areas(`areaid`,`Name`,`cityid`) values('220201','市辖区','220200');
insert into areas(`areaid`,`Name`,`cityid`) values('220202','昌邑区','220200');
insert into areas(`areaid`,`Name`,`cityid`) values('220203','龙潭区','220200');
insert into areas(`areaid`,`Name`,`cityid`) values('220204','船营区','220200');
insert into areas(`areaid`,`Name`,`cityid`) values('220211','丰满区','220200');
insert into areas(`areaid`,`Name`,`cityid`) values('220221','永吉县','220200');
insert into areas(`areaid`,`Name`,`cityid`) values('220281','蛟河市','220200');
insert into areas(`areaid`,`Name`,`cityid`) values('220282','桦甸市','220200');
insert into areas(`areaid`,`Name`,`cityid`) values('220283','舒兰市','220200');
insert into areas(`areaid`,`Name`,`cityid`) values('220284','磐石市','220200');
insert into areas(`areaid`,`Name`,`cityid`) values('220301','市辖区','220300');
insert into areas(`areaid`,`Name`,`cityid`) values('220302','铁西区','220300');
insert into areas(`areaid`,`Name`,`cityid`) values('220303','铁东区','220300');
insert into areas(`areaid`,`Name`,`cityid`) values('220322','梨树县','220300');
insert into areas(`areaid`,`Name`,`cityid`) values('220323','伊通满族自治县','220300');
insert into areas(`areaid`,`Name`,`cityid`) values('220381','公主岭市','220300');
insert into areas(`areaid`,`Name`,`cityid`) values('220382','双辽市','220300');
insert into areas(`areaid`,`Name`,`cityid`) values('220401','市辖区','220400');
insert into areas(`areaid`,`Name`,`cityid`) values('220402','龙山区','220400');
insert into areas(`areaid`,`Name`,`cityid`) values('220403','西安区','220400');
insert into areas(`areaid`,`Name`,`cityid`) values('220421','东丰县','220400');
insert into areas(`areaid`,`Name`,`cityid`) values('220422','东辽县','220400');
insert into areas(`areaid`,`Name`,`cityid`) values('220501','市辖区','220500');
insert into areas(`areaid`,`Name`,`cityid`) values('220502','东昌区','220500');
insert into areas(`areaid`,`Name`,`cityid`) values('220503','二道江区','220500');
insert into areas(`areaid`,`Name`,`cityid`) values('220521','通化县','220500');
insert into areas(`areaid`,`Name`,`cityid`) values('220523','辉南县','220500');
insert into areas(`areaid`,`Name`,`cityid`) values('220524','柳河县','220500');
insert into areas(`areaid`,`Name`,`cityid`) values('220581','梅河口市','220500');
insert into areas(`areaid`,`Name`,`cityid`) values('220582','集安市','220500');
insert into areas(`areaid`,`Name`,`cityid`) values('220601','市辖区','220600');
insert into areas(`areaid`,`Name`,`cityid`) values('220602','八道江区','220600');
insert into areas(`areaid`,`Name`,`cityid`) values('220621','抚松县','220600');
insert into areas(`areaid`,`Name`,`cityid`) values('220622','靖宇县','220600');
insert into areas(`areaid`,`Name`,`cityid`) values('220623','长白朝鲜族自治县','220600');
insert into areas(`areaid`,`Name`,`cityid`) values('220625','江源县','220600');
insert into areas(`areaid`,`Name`,`cityid`) values('220681','临江市','220600');
insert into areas(`areaid`,`Name`,`cityid`) values('220701','市辖区','220700');
insert into areas(`areaid`,`Name`,`cityid`) values('220702','宁江区','220700');
insert into areas(`areaid`,`Name`,`cityid`) values('220721','前郭尔罗斯蒙古族自治县','220700');
insert into areas(`areaid`,`Name`,`cityid`) values('220722','长岭县','220700');
insert into areas(`areaid`,`Name`,`cityid`) values('220723','乾安县','220700');
insert into areas(`areaid`,`Name`,`cityid`) values('220724','扶余县','220700');
insert into areas(`areaid`,`Name`,`cityid`) values('220801','市辖区','220800');
insert into areas(`areaid`,`Name`,`cityid`) values('220802','洮北区','220800');
insert into areas(`areaid`,`Name`,`cityid`) values('220821','镇赉县','220800');
insert into areas(`areaid`,`Name`,`cityid`) values('220822','通榆县','220800');
insert into areas(`areaid`,`Name`,`cityid`) values('220881','洮南市','220800');
insert into areas(`areaid`,`Name`,`cityid`) values('220882','大安市','220800');
insert into areas(`areaid`,`Name`,`cityid`) values('222401','延吉市','222400');
insert into areas(`areaid`,`Name`,`cityid`) values('222402','图们市','222400');
insert into areas(`areaid`,`Name`,`cityid`) values('222403','敦化市','222400');
insert into areas(`areaid`,`Name`,`cityid`) values('222404','珲春市','222400');
insert into areas(`areaid`,`Name`,`cityid`) values('222405','龙井市','222400');
insert into areas(`areaid`,`Name`,`cityid`) values('222406','和龙市','222400');
insert into areas(`areaid`,`Name`,`cityid`) values('222424','汪清县','222400');
insert into areas(`areaid`,`Name`,`cityid`) values('222426','安图县','222400');
insert into areas(`areaid`,`Name`,`cityid`) values('230101','市辖区','230100');
insert into areas(`areaid`,`Name`,`cityid`) values('230102','道里区','230100');
insert into areas(`areaid`,`Name`,`cityid`) values('230103','南岗区','230100');
insert into areas(`areaid`,`Name`,`cityid`) values('230104','道外区','230100');
insert into areas(`areaid`,`Name`,`cityid`) values('230106','香坊区','230100');
insert into areas(`areaid`,`Name`,`cityid`) values('230107','动力区','230100');
insert into areas(`areaid`,`Name`,`cityid`) values('230108','平房区','230100');
insert into areas(`areaid`,`Name`,`cityid`) values('230109','松北区','230100');
insert into areas(`areaid`,`Name`,`cityid`) values('230111','呼兰区','230100');
insert into areas(`areaid`,`Name`,`cityid`) values('230123','依兰县','230100');
insert into areas(`areaid`,`Name`,`cityid`) values('230124','方正县','230100');
insert into areas(`areaid`,`Name`,`cityid`) values('230125','宾　县','230100');
insert into areas(`areaid`,`Name`,`cityid`) values('230126','巴彦县','230100');
insert into areas(`areaid`,`Name`,`cityid`) values('230127','木兰县','230100');
insert into areas(`areaid`,`Name`,`cityid`) values('230128','通河县','230100');
insert into areas(`areaid`,`Name`,`cityid`) values('230129','延寿县','230100');
insert into areas(`areaid`,`Name`,`cityid`) values('230181','阿城市','230100');
insert into areas(`areaid`,`Name`,`cityid`) values('230182','双城市','230100');
insert into areas(`areaid`,`Name`,`cityid`) values('230183','尚志市','230100');
insert into areas(`areaid`,`Name`,`cityid`) values('230184','五常市','230100');
insert into areas(`areaid`,`Name`,`cityid`) values('230201','市辖区','230200');
insert into areas(`areaid`,`Name`,`cityid`) values('230202','龙沙区','230200');
insert into areas(`areaid`,`Name`,`cityid`) values('230203','建华区','230200');
insert into areas(`areaid`,`Name`,`cityid`) values('230204','铁锋区','230200');
insert into areas(`areaid`,`Name`,`cityid`) values('230205','昂昂溪区','230200');
insert into areas(`areaid`,`Name`,`cityid`) values('230206','富拉尔基区','230200');
insert into areas(`areaid`,`Name`,`cityid`) values('230207','碾子山区','230200');
insert into areas(`areaid`,`Name`,`cityid`) values('230208','梅里斯达斡尔族区','230200');
insert into areas(`areaid`,`Name`,`cityid`) values('230221','龙江县','230200');
insert into areas(`areaid`,`Name`,`cityid`) values('230223','依安县','230200');
insert into areas(`areaid`,`Name`,`cityid`) values('230224','泰来县','230200');
insert into areas(`areaid`,`Name`,`cityid`) values('230225','甘南县','230200');
insert into areas(`areaid`,`Name`,`cityid`) values('230227','富裕县','230200');
insert into areas(`areaid`,`Name`,`cityid`) values('230229','克山县','230200');
insert into areas(`areaid`,`Name`,`cityid`) values('230230','克东县','230200');
insert into areas(`areaid`,`Name`,`cityid`) values('230231','拜泉县','230200');
insert into areas(`areaid`,`Name`,`cityid`) values('230281','讷河市','230200');
insert into areas(`areaid`,`Name`,`cityid`) values('230301','市辖区','230300');
insert into areas(`areaid`,`Name`,`cityid`) values('230302','鸡冠区','230300');
insert into areas(`areaid`,`Name`,`cityid`) values('230303','恒山区','230300');
insert into areas(`areaid`,`Name`,`cityid`) values('230304','滴道区','230300');
insert into areas(`areaid`,`Name`,`cityid`) values('230305','梨树区','230300');
insert into areas(`areaid`,`Name`,`cityid`) values('230306','城子河区','230300');
insert into areas(`areaid`,`Name`,`cityid`) values('230307','麻山区','230300');
insert into areas(`areaid`,`Name`,`cityid`) values('230321','鸡东县','230300');
insert into areas(`areaid`,`Name`,`cityid`) values('230381','虎林市','230300');
insert into areas(`areaid`,`Name`,`cityid`) values('230382','密山市','230300');
insert into areas(`areaid`,`Name`,`cityid`) values('230401','市辖区','230400');
insert into areas(`areaid`,`Name`,`cityid`) values('230402','向阳区','230400');
insert into areas(`areaid`,`Name`,`cityid`) values('230403','工农区','230400');
insert into areas(`areaid`,`Name`,`cityid`) values('230404','南山区','230400');
insert into areas(`areaid`,`Name`,`cityid`) values('230405','兴安区','230400');
insert into areas(`areaid`,`Name`,`cityid`) values('230406','东山区','230400');
insert into areas(`areaid`,`Name`,`cityid`) values('230407','兴山区','230400');
insert into areas(`areaid`,`Name`,`cityid`) values('230421','萝北县','230400');
insert into areas(`areaid`,`Name`,`cityid`) values('230422','绥滨县','230400');
insert into areas(`areaid`,`Name`,`cityid`) values('230501','市辖区','230500');
insert into areas(`areaid`,`Name`,`cityid`) values('230502','尖山区','230500');
insert into areas(`areaid`,`Name`,`cityid`) values('230503','岭东区','230500');
insert into areas(`areaid`,`Name`,`cityid`) values('230505','四方台区','230500');
insert into areas(`areaid`,`Name`,`cityid`) values('230506','宝山区','230500');
insert into areas(`areaid`,`Name`,`cityid`) values('230521','集贤县','230500');
insert into areas(`areaid`,`Name`,`cityid`) values('230522','友谊县','230500');
insert into areas(`areaid`,`Name`,`cityid`) values('230523','宝清县','230500');
insert into areas(`areaid`,`Name`,`cityid`) values('230524','饶河县','230500');
insert into areas(`areaid`,`Name`,`cityid`) values('230601','市辖区','230600');
insert into areas(`areaid`,`Name`,`cityid`) values('230602','萨尔图区','230600');
insert into areas(`areaid`,`Name`,`cityid`) values('230603','龙凤区','230600');
insert into areas(`areaid`,`Name`,`cityid`) values('230604','让胡路区','230600');
insert into areas(`areaid`,`Name`,`cityid`) values('230605','红岗区','230600');
insert into areas(`areaid`,`Name`,`cityid`) values('230606','大同区','230600');
insert into areas(`areaid`,`Name`,`cityid`) values('230621','肇州县','230600');
insert into areas(`areaid`,`Name`,`cityid`) values('230622','肇源县','230600');
insert into areas(`areaid`,`Name`,`cityid`) values('230623','林甸县','230600');
insert into areas(`areaid`,`Name`,`cityid`) values('230624','杜尔伯特蒙古族自治县','230600');
insert into areas(`areaid`,`Name`,`cityid`) values('230701','市辖区','230700');
insert into areas(`areaid`,`Name`,`cityid`) values('230702','伊春区','230700');
insert into areas(`areaid`,`Name`,`cityid`) values('230703','南岔区','230700');
insert into areas(`areaid`,`Name`,`cityid`) values('230704','友好区','230700');
insert into areas(`areaid`,`Name`,`cityid`) values('230705','西林区','230700');
insert into areas(`areaid`,`Name`,`cityid`) values('230706','翠峦区','230700');
insert into areas(`areaid`,`Name`,`cityid`) values('230707','新青区','230700');
insert into areas(`areaid`,`Name`,`cityid`) values('230708','美溪区','230700');
insert into areas(`areaid`,`Name`,`cityid`) values('230709','金山屯区','230700');
insert into areas(`areaid`,`Name`,`cityid`) values('230710','五营区','230700');
insert into areas(`areaid`,`Name`,`cityid`) values('230711','乌马河区','230700');
insert into areas(`areaid`,`Name`,`cityid`) values('230712','汤旺河区','230700');
insert into areas(`areaid`,`Name`,`cityid`) values('230713','带岭区','230700');
insert into areas(`areaid`,`Name`,`cityid`) values('230714','乌伊岭区','230700');
insert into areas(`areaid`,`Name`,`cityid`) values('230715','红星区','230700');
insert into areas(`areaid`,`Name`,`cityid`) values('230716','上甘岭区','230700');
insert into areas(`areaid`,`Name`,`cityid`) values('230722','嘉荫县','230700');
insert into areas(`areaid`,`Name`,`cityid`) values('230781','铁力市','230700');
insert into areas(`areaid`,`Name`,`cityid`) values('230801','市辖区','230800');
insert into areas(`areaid`,`Name`,`cityid`) values('230802','永红区','230800');
insert into areas(`areaid`,`Name`,`cityid`) values('230803','向阳区','230800');
insert into areas(`areaid`,`Name`,`cityid`) values('230804','前进区','230800');
insert into areas(`areaid`,`Name`,`cityid`) values('230805','东风区','230800');
insert into areas(`areaid`,`Name`,`cityid`) values('230811','郊　区','230800');
insert into areas(`areaid`,`Name`,`cityid`) values('230822','桦南县','230800');
insert into areas(`areaid`,`Name`,`cityid`) values('230826','桦川县','230800');
insert into areas(`areaid`,`Name`,`cityid`) values('230828','汤原县','230800');
insert into areas(`areaid`,`Name`,`cityid`) values('230833','抚远县','230800');
insert into areas(`areaid`,`Name`,`cityid`) values('230881','同江市','230800');
insert into areas(`areaid`,`Name`,`cityid`) values('230882','富锦市','230800');
insert into areas(`areaid`,`Name`,`cityid`) values('230901','市辖区','230900');
insert into areas(`areaid`,`Name`,`cityid`) values('230902','新兴区','230900');
insert into areas(`areaid`,`Name`,`cityid`) values('230903','桃山区','230900');
insert into areas(`areaid`,`Name`,`cityid`) values('230904','茄子河区','230900');
insert into areas(`areaid`,`Name`,`cityid`) values('230921','勃利县','230900');
insert into areas(`areaid`,`Name`,`cityid`) values('231001','市辖区','231000');
insert into areas(`areaid`,`Name`,`cityid`) values('231002','东安区','231000');
insert into areas(`areaid`,`Name`,`cityid`) values('231003','阳明区','231000');
insert into areas(`areaid`,`Name`,`cityid`) values('231004','爱民区','231000');
insert into areas(`areaid`,`Name`,`cityid`) values('231005','西安区','231000');
insert into areas(`areaid`,`Name`,`cityid`) values('231024','东宁县','231000');
insert into areas(`areaid`,`Name`,`cityid`) values('231025','林口县','231000');
insert into areas(`areaid`,`Name`,`cityid`) values('231081','绥芬河市','231000');
insert into areas(`areaid`,`Name`,`cityid`) values('231083','海林市','231000');
insert into areas(`areaid`,`Name`,`cityid`) values('231084','宁安市','231000');
insert into areas(`areaid`,`Name`,`cityid`) values('231085','穆棱市','231000');
insert into areas(`areaid`,`Name`,`cityid`) values('231101','市辖区','231100');
insert into areas(`areaid`,`Name`,`cityid`) values('231102','爱辉区','231100');
insert into areas(`areaid`,`Name`,`cityid`) values('231121','嫩江县','231100');
insert into areas(`areaid`,`Name`,`cityid`) values('231123','逊克县','231100');
insert into areas(`areaid`,`Name`,`cityid`) values('231124','孙吴县','231100');
insert into areas(`areaid`,`Name`,`cityid`) values('231181','北安市','231100');
insert into areas(`areaid`,`Name`,`cityid`) values('231182','五大连池市','231100');
insert into areas(`areaid`,`Name`,`cityid`) values('231201','市辖区','231200');
insert into areas(`areaid`,`Name`,`cityid`) values('231202','北林区','231200');
insert into areas(`areaid`,`Name`,`cityid`) values('231221','望奎县','231200');
insert into areas(`areaid`,`Name`,`cityid`) values('231222','兰西县','231200');
insert into areas(`areaid`,`Name`,`cityid`) values('231223','青冈县','231200');
insert into areas(`areaid`,`Name`,`cityid`) values('231224','庆安县','231200');
insert into areas(`areaid`,`Name`,`cityid`) values('231225','明水县','231200');
insert into areas(`areaid`,`Name`,`cityid`) values('231226','绥棱县','231200');
insert into areas(`areaid`,`Name`,`cityid`) values('231281','安达市','231200');
insert into areas(`areaid`,`Name`,`cityid`) values('231282','肇东市','231200');
insert into areas(`areaid`,`Name`,`cityid`) values('231283','海伦市','231200');
insert into areas(`areaid`,`Name`,`cityid`) values('232721','呼玛县','232700');
insert into areas(`areaid`,`Name`,`cityid`) values('232722','塔河县','232700');
insert into areas(`areaid`,`Name`,`cityid`) values('232723','漠河县','232700');
insert into areas(`areaid`,`Name`,`cityid`) values('310101','黄浦区','310100');
insert into areas(`areaid`,`Name`,`cityid`) values('310103','卢湾区','310100');
insert into areas(`areaid`,`Name`,`cityid`) values('310104','徐汇区','310100');
insert into areas(`areaid`,`Name`,`cityid`) values('310105','长宁区','310100');
insert into areas(`areaid`,`Name`,`cityid`) values('310106','静安区','310100');
insert into areas(`areaid`,`Name`,`cityid`) values('310107','普陀区','310100');
insert into areas(`areaid`,`Name`,`cityid`) values('310108','闸北区','310100');
insert into areas(`areaid`,`Name`,`cityid`) values('310109','虹口区','310100');
insert into areas(`areaid`,`Name`,`cityid`) values('310110','杨浦区','310100');
insert into areas(`areaid`,`Name`,`cityid`) values('310112','闵行区','310100');
insert into areas(`areaid`,`Name`,`cityid`) values('310113','宝山区','310100');
insert into areas(`areaid`,`Name`,`cityid`) values('310114','嘉定区','310100');
insert into areas(`areaid`,`Name`,`cityid`) values('310115','浦东新区','310100');
insert into areas(`areaid`,`Name`,`cityid`) values('310116','金山区','310100');
insert into areas(`areaid`,`Name`,`cityid`) values('310117','松江区','310100');
insert into areas(`areaid`,`Name`,`cityid`) values('310118','青浦区','310100');
insert into areas(`areaid`,`Name`,`cityid`) values('310119','南汇区','310100');
insert into areas(`areaid`,`Name`,`cityid`) values('310120','奉贤区','310100');
insert into areas(`areaid`,`Name`,`cityid`) values('310230','崇明县','310200');
insert into areas(`areaid`,`Name`,`cityid`) values('320101','市辖区','320100');
insert into areas(`areaid`,`Name`,`cityid`) values('320102','玄武区','320100');
insert into areas(`areaid`,`Name`,`cityid`) values('320103','白下区','320100');
insert into areas(`areaid`,`Name`,`cityid`) values('320104','秦淮区','320100');
insert into areas(`areaid`,`Name`,`cityid`) values('320105','建邺区','320100');
insert into areas(`areaid`,`Name`,`cityid`) values('320106','鼓楼区','320100');
insert into areas(`areaid`,`Name`,`cityid`) values('320107','下关区','320100');
insert into areas(`areaid`,`Name`,`cityid`) values('320111','浦口区','320100');
insert into areas(`areaid`,`Name`,`cityid`) values('320113','栖霞区','320100');
insert into areas(`areaid`,`Name`,`cityid`) values('320114','雨花台区','320100');
insert into areas(`areaid`,`Name`,`cityid`) values('320115','江宁区','320100');
insert into areas(`areaid`,`Name`,`cityid`) values('320116','六合区','320100');
insert into areas(`areaid`,`Name`,`cityid`) values('320124','溧水县','320100');
insert into areas(`areaid`,`Name`,`cityid`) values('320125','高淳县','320100');
insert into areas(`areaid`,`Name`,`cityid`) values('320201','市辖区','320200');
insert into areas(`areaid`,`Name`,`cityid`) values('320202','崇安区','320200');
insert into areas(`areaid`,`Name`,`cityid`) values('320203','南长区','320200');
insert into areas(`areaid`,`Name`,`cityid`) values('320204','北塘区','320200');
insert into areas(`areaid`,`Name`,`cityid`) values('320205','锡山区','320200');
insert into areas(`areaid`,`Name`,`cityid`) values('320206','惠山区','320200');
insert into areas(`areaid`,`Name`,`cityid`) values('320211','滨湖区','320200');
insert into areas(`areaid`,`Name`,`cityid`) values('320281','江阴市','320200');
insert into areas(`areaid`,`Name`,`cityid`) values('320282','宜兴市','320200');
insert into areas(`areaid`,`Name`,`cityid`) values('320301','市辖区','320300');
insert into areas(`areaid`,`Name`,`cityid`) values('320302','鼓楼区','320300');
insert into areas(`areaid`,`Name`,`cityid`) values('320303','云龙区','320300');
insert into areas(`areaid`,`Name`,`cityid`) values('320304','九里区','320300');
insert into areas(`areaid`,`Name`,`cityid`) values('320305','贾汪区','320300');
insert into areas(`areaid`,`Name`,`cityid`) values('320311','泉山区','320300');
insert into areas(`areaid`,`Name`,`cityid`) values('320321','丰　县','320300');
insert into areas(`areaid`,`Name`,`cityid`) values('320322','沛　县','320300');
insert into areas(`areaid`,`Name`,`cityid`) values('320323','铜山县','320300');
insert into areas(`areaid`,`Name`,`cityid`) values('320324','睢宁县','320300');
insert into areas(`areaid`,`Name`,`cityid`) values('320381','新沂市','320300');
insert into areas(`areaid`,`Name`,`cityid`) values('320382','邳州市','320300');
insert into areas(`areaid`,`Name`,`cityid`) values('320401','市辖区','320400');
insert into areas(`areaid`,`Name`,`cityid`) values('320402','天宁区','320400');
insert into areas(`areaid`,`Name`,`cityid`) values('320404','钟楼区','320400');
insert into areas(`areaid`,`Name`,`cityid`) values('320405','戚墅堰区','320400');
insert into areas(`areaid`,`Name`,`cityid`) values('320411','新北区','320400');
insert into areas(`areaid`,`Name`,`cityid`) values('320412','武进区','320400');
insert into areas(`areaid`,`Name`,`cityid`) values('320481','溧阳市','320400');
insert into areas(`areaid`,`Name`,`cityid`) values('320482','金坛市','320400');
insert into areas(`areaid`,`Name`,`cityid`) values('320501','市辖区','320500');
insert into areas(`areaid`,`Name`,`cityid`) values('320502','沧浪区','320500');
insert into areas(`areaid`,`Name`,`cityid`) values('320503','平江区','320500');
insert into areas(`areaid`,`Name`,`cityid`) values('320504','金阊区','320500');
insert into areas(`areaid`,`Name`,`cityid`) values('320505','虎丘区','320500');
insert into areas(`areaid`,`Name`,`cityid`) values('320506','吴中区','320500');
insert into areas(`areaid`,`Name`,`cityid`) values('320507','相城区','320500');
insert into areas(`areaid`,`Name`,`cityid`) values('320581','常熟市','320500');
insert into areas(`areaid`,`Name`,`cityid`) values('320582','张家港市','320500');
insert into areas(`areaid`,`Name`,`cityid`) values('320583','昆山市','320500');
insert into areas(`areaid`,`Name`,`cityid`) values('320584','吴江市','320500');
insert into areas(`areaid`,`Name`,`cityid`) values('320585','太仓市','320500');
insert into areas(`areaid`,`Name`,`cityid`) values('320601','市辖区','320600');
insert into areas(`areaid`,`Name`,`cityid`) values('320602','崇川区','320600');
insert into areas(`areaid`,`Name`,`cityid`) values('320611','港闸区','320600');
insert into areas(`areaid`,`Name`,`cityid`) values('320621','海安县','320600');
insert into areas(`areaid`,`Name`,`cityid`) values('320623','如东县','320600');
insert into areas(`areaid`,`Name`,`cityid`) values('320681','启东市','320600');
insert into areas(`areaid`,`Name`,`cityid`) values('320682','如皋市','320600');
insert into areas(`areaid`,`Name`,`cityid`) values('320683','通州市','320600');
insert into areas(`areaid`,`Name`,`cityid`) values('320684','海门市','320600');
insert into areas(`areaid`,`Name`,`cityid`) values('320701','市辖区','320700');
insert into areas(`areaid`,`Name`,`cityid`) values('320703','连云区','320700');
insert into areas(`areaid`,`Name`,`cityid`) values('320705','新浦区','320700');
insert into areas(`areaid`,`Name`,`cityid`) values('320706','海州区','320700');
insert into areas(`areaid`,`Name`,`cityid`) values('320721','赣榆县','320700');
insert into areas(`areaid`,`Name`,`cityid`) values('320722','东海县','320700');
insert into areas(`areaid`,`Name`,`cityid`) values('320723','灌云县','320700');
insert into areas(`areaid`,`Name`,`cityid`) values('320724','灌南县','320700');
insert into areas(`areaid`,`Name`,`cityid`) values('320801','市辖区','320800');
insert into areas(`areaid`,`Name`,`cityid`) values('320802','清河区','320800');
insert into areas(`areaid`,`Name`,`cityid`) values('320803','楚州区','320800');
insert into areas(`areaid`,`Name`,`cityid`) values('320804','淮阴区','320800');
insert into areas(`areaid`,`Name`,`cityid`) values('320811','清浦区','320800');
insert into areas(`areaid`,`Name`,`cityid`) values('320826','涟水县','320800');
insert into areas(`areaid`,`Name`,`cityid`) values('320829','洪泽县','320800');
insert into areas(`areaid`,`Name`,`cityid`) values('320830','盱眙县','320800');
insert into areas(`areaid`,`Name`,`cityid`) values('320831','金湖县','320800');
insert into areas(`areaid`,`Name`,`cityid`) values('320901','市辖区','320900');
insert into areas(`areaid`,`Name`,`cityid`) values('320902','亭湖区','320900');
insert into areas(`areaid`,`Name`,`cityid`) values('320903','盐都区','320900');
insert into areas(`areaid`,`Name`,`cityid`) values('320921','响水县','320900');
insert into areas(`areaid`,`Name`,`cityid`) values('320922','滨海县','320900');
insert into areas(`areaid`,`Name`,`cityid`) values('320923','阜宁县','320900');
insert into areas(`areaid`,`Name`,`cityid`) values('320924','射阳县','320900');
insert into areas(`areaid`,`Name`,`cityid`) values('320925','建湖县','320900');
insert into areas(`areaid`,`Name`,`cityid`) values('320981','东台市','320900');
insert into areas(`areaid`,`Name`,`cityid`) values('320982','大丰市','320900');
insert into areas(`areaid`,`Name`,`cityid`) values('321001','市辖区','321000');
insert into areas(`areaid`,`Name`,`cityid`) values('321002','广陵区','321000');
insert into areas(`areaid`,`Name`,`cityid`) values('321003','邗江区','321000');
insert into areas(`areaid`,`Name`,`cityid`) values('321011','郊　区','321000');
insert into areas(`areaid`,`Name`,`cityid`) values('321023','宝应县','321000');
insert into areas(`areaid`,`Name`,`cityid`) values('321081','仪征市','321000');
insert into areas(`areaid`,`Name`,`cityid`) values('321084','高邮市','321000');
insert into areas(`areaid`,`Name`,`cityid`) values('321088','江都市','321000');
insert into areas(`areaid`,`Name`,`cityid`) values('321101','市辖区','321100');
insert into areas(`areaid`,`Name`,`cityid`) values('321102','京口区','321100');
insert into areas(`areaid`,`Name`,`cityid`) values('321111','润州区','321100');
insert into areas(`areaid`,`Name`,`cityid`) values('321112','丹徒区','321100');
insert into areas(`areaid`,`Name`,`cityid`) values('321181','丹阳市','321100');
insert into areas(`areaid`,`Name`,`cityid`) values('321182','扬中市','321100');
insert into areas(`areaid`,`Name`,`cityid`) values('321183','句容市','321100');
insert into areas(`areaid`,`Name`,`cityid`) values('321201','市辖区','321200');
insert into areas(`areaid`,`Name`,`cityid`) values('321202','海陵区','321200');
insert into areas(`areaid`,`Name`,`cityid`) values('321203','高港区','321200');
insert into areas(`areaid`,`Name`,`cityid`) values('321281','兴化市','321200');
insert into areas(`areaid`,`Name`,`cityid`) values('321282','靖江市','321200');
insert into areas(`areaid`,`Name`,`cityid`) values('321283','泰兴市','321200');
insert into areas(`areaid`,`Name`,`cityid`) values('321284','姜堰市','321200');
insert into areas(`areaid`,`Name`,`cityid`) values('321301','市辖区','321300');
insert into areas(`areaid`,`Name`,`cityid`) values('321302','宿城区','321300');
insert into areas(`areaid`,`Name`,`cityid`) values('321311','宿豫区','321300');
insert into areas(`areaid`,`Name`,`cityid`) values('321322','沭阳县','321300');
insert into areas(`areaid`,`Name`,`cityid`) values('321323','泗阳县','321300');
insert into areas(`areaid`,`Name`,`cityid`) values('321324','泗洪县','321300');
insert into areas(`areaid`,`Name`,`cityid`) values('330101','市辖区','330100');
insert into areas(`areaid`,`Name`,`cityid`) values('330102','上城区','330100');
insert into areas(`areaid`,`Name`,`cityid`) values('330103','下城区','330100');
insert into areas(`areaid`,`Name`,`cityid`) values('330104','江干区','330100');
insert into areas(`areaid`,`Name`,`cityid`) values('330105','拱墅区','330100');
insert into areas(`areaid`,`Name`,`cityid`) values('330106','西湖区','330100');
insert into areas(`areaid`,`Name`,`cityid`) values('330108','滨江区','330100');
insert into areas(`areaid`,`Name`,`cityid`) values('330109','萧山区','330100');
insert into areas(`areaid`,`Name`,`cityid`) values('330110','余杭区','330100');
insert into areas(`areaid`,`Name`,`cityid`) values('330122','桐庐县','330100');
insert into areas(`areaid`,`Name`,`cityid`) values('330127','淳安县','330100');
insert into areas(`areaid`,`Name`,`cityid`) values('330182','建德市','330100');
insert into areas(`areaid`,`Name`,`cityid`) values('330183','富阳市','330100');
insert into areas(`areaid`,`Name`,`cityid`) values('330185','临安市','330100');
insert into areas(`areaid`,`Name`,`cityid`) values('330201','市辖区','330200');
insert into areas(`areaid`,`Name`,`cityid`) values('330203','海曙区','330200');
insert into areas(`areaid`,`Name`,`cityid`) values('330204','江东区','330200');
insert into areas(`areaid`,`Name`,`cityid`) values('330205','江北区','330200');
insert into areas(`areaid`,`Name`,`cityid`) values('330206','北仑区','330200');
insert into areas(`areaid`,`Name`,`cityid`) values('330211','镇海区','330200');
insert into areas(`areaid`,`Name`,`cityid`) values('330212','鄞州区','330200');
insert into areas(`areaid`,`Name`,`cityid`) values('330225','象山县','330200');
insert into areas(`areaid`,`Name`,`cityid`) values('330226','宁海县','330200');
insert into areas(`areaid`,`Name`,`cityid`) values('330281','余姚市','330200');
insert into areas(`areaid`,`Name`,`cityid`) values('330282','慈溪市','330200');
insert into areas(`areaid`,`Name`,`cityid`) values('330283','奉化市','330200');
insert into areas(`areaid`,`Name`,`cityid`) values('330301','市辖区','330300');
insert into areas(`areaid`,`Name`,`cityid`) values('330302','鹿城区','330300');
insert into areas(`areaid`,`Name`,`cityid`) values('330303','龙湾区','330300');
insert into areas(`areaid`,`Name`,`cityid`) values('330304','瓯海区','330300');
insert into areas(`areaid`,`Name`,`cityid`) values('330322','洞头县','330300');
insert into areas(`areaid`,`Name`,`cityid`) values('330324','永嘉县','330300');
insert into areas(`areaid`,`Name`,`cityid`) values('330326','平阳县','330300');
insert into areas(`areaid`,`Name`,`cityid`) values('330327','苍南县','330300');
insert into areas(`areaid`,`Name`,`cityid`) values('330328','文成县','330300');
insert into areas(`areaid`,`Name`,`cityid`) values('330329','泰顺县','330300');
insert into areas(`areaid`,`Name`,`cityid`) values('330381','瑞安市','330300');
insert into areas(`areaid`,`Name`,`cityid`) values('330382','乐清市','330300');
insert into areas(`areaid`,`Name`,`cityid`) values('330401','市辖区','330400');
insert into areas(`areaid`,`Name`,`cityid`) values('330402','秀城区','330400');
insert into areas(`areaid`,`Name`,`cityid`) values('330411','秀洲区','330400');
insert into areas(`areaid`,`Name`,`cityid`) values('330421','嘉善县','330400');
insert into areas(`areaid`,`Name`,`cityid`) values('330424','海盐县','330400');
insert into areas(`areaid`,`Name`,`cityid`) values('330481','海宁市','330400');
insert into areas(`areaid`,`Name`,`cityid`) values('330482','平湖市','330400');
insert into areas(`areaid`,`Name`,`cityid`) values('330483','桐乡市','330400');
insert into areas(`areaid`,`Name`,`cityid`) values('330501','市辖区','330500');
insert into areas(`areaid`,`Name`,`cityid`) values('330502','吴兴区','330500');
insert into areas(`areaid`,`Name`,`cityid`) values('330503','南浔区','330500');
insert into areas(`areaid`,`Name`,`cityid`) values('330521','德清县','330500');
insert into areas(`areaid`,`Name`,`cityid`) values('330522','长兴县','330500');
insert into areas(`areaid`,`Name`,`cityid`) values('330523','安吉县','330500');
insert into areas(`areaid`,`Name`,`cityid`) values('330601','市辖区','330600');
insert into areas(`areaid`,`Name`,`cityid`) values('330602','越城区','330600');
insert into areas(`areaid`,`Name`,`cityid`) values('330621','绍兴县','330600');
insert into areas(`areaid`,`Name`,`cityid`) values('330624','新昌县','330600');
insert into areas(`areaid`,`Name`,`cityid`) values('330681','诸暨市','330600');
insert into areas(`areaid`,`Name`,`cityid`) values('330682','上虞市','330600');
insert into areas(`areaid`,`Name`,`cityid`) values('330683','嵊州市','330600');
insert into areas(`areaid`,`Name`,`cityid`) values('330701','市辖区','330700');
insert into areas(`areaid`,`Name`,`cityid`) values('330702','婺城区','330700');
insert into areas(`areaid`,`Name`,`cityid`) values('330703','金东区','330700');
insert into areas(`areaid`,`Name`,`cityid`) values('330723','武义县','330700');
insert into areas(`areaid`,`Name`,`cityid`) values('330726','浦江县','330700');
insert into areas(`areaid`,`Name`,`cityid`) values('330727','磐安县','330700');
insert into areas(`areaid`,`Name`,`cityid`) values('330781','兰溪市','330700');
insert into areas(`areaid`,`Name`,`cityid`) values('330782','义乌市','330700');
insert into areas(`areaid`,`Name`,`cityid`) values('330783','东阳市','330700');
insert into areas(`areaid`,`Name`,`cityid`) values('330784','永康市','330700');
insert into areas(`areaid`,`Name`,`cityid`) values('330801','市辖区','330800');
insert into areas(`areaid`,`Name`,`cityid`) values('330802','柯城区','330800');
insert into areas(`areaid`,`Name`,`cityid`) values('330803','衢江区','330800');
insert into areas(`areaid`,`Name`,`cityid`) values('330822','常山县','330800');
insert into areas(`areaid`,`Name`,`cityid`) values('330824','开化县','330800');
insert into areas(`areaid`,`Name`,`cityid`) values('330825','龙游县','330800');
insert into areas(`areaid`,`Name`,`cityid`) values('330881','江山市','330800');
insert into areas(`areaid`,`Name`,`cityid`) values('330901','市辖区','330900');
insert into areas(`areaid`,`Name`,`cityid`) values('330902','定海区','330900');
insert into areas(`areaid`,`Name`,`cityid`) values('330903','普陀区','330900');
insert into areas(`areaid`,`Name`,`cityid`) values('330921','岱山县','330900');
insert into areas(`areaid`,`Name`,`cityid`) values('330922','嵊泗县','330900');
insert into areas(`areaid`,`Name`,`cityid`) values('331001','市辖区','331000');
insert into areas(`areaid`,`Name`,`cityid`) values('331002','椒江区','331000');
insert into areas(`areaid`,`Name`,`cityid`) values('331003','黄岩区','331000');
insert into areas(`areaid`,`Name`,`cityid`) values('331004','路桥区','331000');
insert into areas(`areaid`,`Name`,`cityid`) values('331021','玉环县','331000');
insert into areas(`areaid`,`Name`,`cityid`) values('331022','三门县','331000');
insert into areas(`areaid`,`Name`,`cityid`) values('331023','天台县','331000');
insert into areas(`areaid`,`Name`,`cityid`) values('331024','仙居县','331000');
insert into areas(`areaid`,`Name`,`cityid`) values('331081','温岭市','331000');


INSERT INTO EthnicGroups(`Name`) VALUES ('汉族');
INSERT INTO EthnicGroups(`Name`) VALUES ('蒙古族');
INSERT INTO EthnicGroups(`Name`) VALUES ('回族');
INSERT INTO EthnicGroups(`Name`) VALUES ('藏族');
INSERT INTO EthnicGroups(`Name`) VALUES ('维吾尔族');
INSERT INTO EthnicGroups(`Name`) VALUES ('苗族');
INSERT INTO EthnicGroups(`Name`) VALUES ('彝族');
INSERT INTO EthnicGroups(`Name`) VALUES ('壮族');
INSERT INTO EthnicGroups(`Name`) VALUES ('布依族');
INSERT INTO EthnicGroups(`Name`) VALUES ('朝鲜族');
INSERT INTO EthnicGroups(`Name`) VALUES ('满族');
INSERT INTO EthnicGroups(`Name`) VALUES ('侗族');
INSERT INTO EthnicGroups(`Name`) VALUES ('瑶族');
INSERT INTO EthnicGroups(`Name`) VALUES ('白族');
INSERT INTO EthnicGroups(`Name`) VALUES ('土家族');
INSERT INTO EthnicGroups(`Name`) VALUES ('哈尼族');
INSERT INTO EthnicGroups(`Name`) VALUES ('哈萨克族');
INSERT INTO EthnicGroups(`Name`) VALUES ('傣族');
INSERT INTO EthnicGroups(`Name`) VALUES ('黎族');
INSERT INTO EthnicGroups(`Name`) VALUES ('傈僳族');
INSERT INTO EthnicGroups(`Name`) VALUES ('佤族');
INSERT INTO EthnicGroups(`Name`) VALUES ('畲族');
INSERT INTO EthnicGroups(`Name`) VALUES ('高山族');
INSERT INTO EthnicGroups(`Name`) VALUES ('拉祜族');
INSERT INTO EthnicGroups(`Name`) VALUES ('水族');
INSERT INTO EthnicGroups(`Name`) VALUES ('东乡族');
INSERT INTO EthnicGroups(`Name`) VALUES ('纳西族');
INSERT INTO EthnicGroups(`Name`) VALUES ('景颇族');
INSERT INTO EthnicGroups(`Name`) VALUES ('柯尔克孜族');
INSERT INTO EthnicGroups(`Name`) VALUES ('土族');
INSERT INTO EthnicGroups(`Name`) VALUES ('达斡尔族');
INSERT INTO EthnicGroups(`Name`) VALUES ('仫佬族');
INSERT INTO EthnicGroups(`Name`) VALUES ('羌族');
INSERT INTO EthnicGroups(`Name`) VALUES ('布朗族');
INSERT INTO EthnicGroups(`Name`) VALUES ('撒拉族');
INSERT INTO EthnicGroups(`Name`) VALUES ('毛难族');
INSERT INTO EthnicGroups(`Name`) VALUES ('仡佬族');
INSERT INTO EthnicGroups(`Name`) VALUES ('锡伯族');
INSERT INTO EthnicGroups(`Name`) VALUES ('阿昌族');
INSERT INTO EthnicGroups(`Name`) VALUES ('普米族');
INSERT INTO EthnicGroups(`Name`) VALUES ('塔吉克族');
INSERT INTO EthnicGroups(`Name`) VALUES ('怒族');
INSERT INTO EthnicGroups(`Name`) VALUES ('乌孜别克族');
INSERT INTO EthnicGroups(`Name`) VALUES ('俄罗斯族');
INSERT INTO EthnicGroups(`Name`) VALUES ('鄂温克族');
INSERT INTO EthnicGroups(`Name`) VALUES ('崩龙族');
INSERT INTO EthnicGroups(`Name`) VALUES ('保安族');
INSERT INTO EthnicGroups(`Name`) VALUES ('裕固族');
INSERT INTO EthnicGroups(`Name`) VALUES ('京族');
INSERT INTO EthnicGroups(`Name`) VALUES ('塔塔尔族');
INSERT INTO EthnicGroups(`Name`) VALUES ('独龙族');
INSERT INTO EthnicGroups(`Name`) VALUES ('鄂伦春族');
INSERT INTO EthnicGroups(`Name`) VALUES ('赫哲族');
INSERT INTO EthnicGroups(`Name`) VALUES ('门巴族');
INSERT INTO EthnicGroups(`Name`) VALUES ('珞巴族');
INSERT INTO EthnicGroups(`Name`) VALUES ('基诺族');
INSERT INTO EthnicGroups(`Name`) VALUES ('其他');


delete from AbpUserRoleMenus;
delete from abpmenus;


INSERT INTO abpmenus(`Name`,`DisplayName`,`MenuUrlRoute`,`Icon`,`IsActive`,`MenuOrder`,`TenantId`,`ParentMenuId`) 
			VALUES ('HomePage','HomePage','/app/home','home',1,1,null,null);
INSERT INTO abpmenus(`Name`,`DisplayName`,`MenuUrlRoute`,`Icon`,`IsActive`,`MenuOrder`,`TenantId`,`ParentMenuId`) 
			VALUES ('BatchManagement','BatchManagement','','menu',1,2,null,null);

select Id from abpmenus where Name="BatchManagement" limit 0,1 into @BatchManagementMenuId;
			
INSERT INTO abpmenus(`Name`,`DisplayName`,`MenuUrlRoute`,`Icon`,`IsActive`,`MenuOrder`,`TenantId`,`ParentMenuId`) 
			VALUES ('SupplierManager','SupplierManager','/app/SupplierManager','card_travel',1,1,null, @BatchManagementMenuId);
INSERT INTO abpmenus(`Name`,`DisplayName`,`MenuUrlRoute`,`Icon`,`IsActive`,`MenuOrder`,`TenantId`,`ParentMenuId`) 
			VALUES ('ProductManager','ProductManager','/app/ProductManager','category',1,2,null, @BatchManagementMenuId);
INSERT INTO abpmenus(`Name`,`DisplayName`,`MenuUrlRoute`,`Icon`,`IsActive`,`MenuOrder`,`TenantId`,`ParentMenuId`) 
			VALUES ('SupplierPay','SupplierPay','/app/SupplierPay','business',1,3,null, @BatchManagementMenuId);
INSERT INTO abpmenus(`Name`,`DisplayName`,`MenuUrlRoute`,`Icon`,`IsActive`,`MenuOrder`,`TenantId`,`ParentMenuId`) 
			VALUES ('AgentManager','AgentManager','/app/AgentManager','ballot',1,4,null, @BatchManagementMenuId);
INSERT INTO abpmenus(`Name`,`DisplayName`,`MenuUrlRoute`,`Icon`,`IsActive`,`MenuOrder`,`TenantId`,`ParentMenuId`) 
			VALUES ('CallOrder','CallOrder','/app/CallOrder','view_comfy',1,5,null, @BatchManagementMenuId);
INSERT INTO abpmenus(`Name`,`DisplayName`,`MenuUrlRoute`,`Icon`,`IsActive`,`MenuOrder`,`TenantId`,`ParentMenuId`) 
			VALUES ('CreditManager','CreditManager','/app/CreditManager','assessment',1,6,null, @BatchManagementMenuId);
INSERT INTO abpmenus(`Name`,`DisplayName`,`MenuUrlRoute`,`Icon`,`IsActive`,`MenuOrder`,`TenantId`,`ParentMenuId`) 
			VALUES ('AlertSetting','AlertSetting','/app/AlertSetting','alarm_add',1,7,null, @BatchManagementMenuId);

INSERT INTO abpmenus(`Name`,`DisplayName`,`MenuUrlRoute`,`Icon`,`IsActive`,`MenuOrder`,`TenantId`,`ParentMenuId`) 
			VALUES ('UserManager','UserManager','','group',1,3,null, null);
select Id from abpmenus where Name="UserManager" limit 0,1 into @UserManagerMenuId;
INSERT INTO abpmenus(`Name`,`DisplayName`,`MenuUrlRproductsoute`,`Icon`,`IsActive`,`MenuOrder`,`TenantId`,`ParentMenuId`) 
			VALUES ('Users','Users','/app/users','people',1,1,null, @UserManagerMenuId);
INSERT INTO abpmenus(`Name`,`DisplayName`,`MenuUrlRoute`,`Icon`,`IsActive`,`MenuOrder`,`TenantId`,`ParentMenuId`) 
			VALUES ('Roles','Roles','/app/roles','local_offer',1,2,null, @UserManagerMenuId);
INSERT INTO abpmenus(`Name`,`DisplayName`,`MenuUrlRoute`,`Icon`,`IsActive`,`MenuOrder`,`TenantId`,`ParentMenuId`) 
			VALUES ('Tenants','Tenants','/app/tenants','business',1,49,null,null);
INSERT INTO abpmenus(`Name`,`DisplayName`,`MenuUrlRoute`,`Icon`,`IsActive`,`MenuOrder`,`TenantId`,`ParentMenuId`) 
			VALUES ('About','About','/app/about','info',1,50,null,null);   

insert into AbpUserRoleMenus(TenantId,MenuId,RoleId)  select TenantId,Id,1 from abpmenus  ; 
insert into AbpUserRoleMenus(TenantId,MenuId,RoleId)  select TenantId,Id,2 from abpmenus  ; 
